2,66,* Joey Gase(i),Tyt,1,33.373,3/2/2019 14:34
3,66,* Joey Gase(i),Tyt,2,384.362,3/2/2019 14:40
4,66,* Joey Gase(i),Tyt,3,32.998,3/2/2019 14:41
5,66,* Joey Gase(i),Tyt,4,32.646,3/2/2019 14:41
6,66,* Joey Gase(i),Tyt,5,32.594,3/2/2019 14:42
7,66,* Joey Gase(i),Tyt,6,32.55,3/2/2019 14:43
8,66,* Joey Gase(i),Tyt,7,544.057,3/2/2019 14:52
9,66,* Joey Gase(i),Tyt,8,33.425,3/2/2019 14:52
10,66,* Joey Gase(i),Tyt,10,32.75,3/2/2019 14:53
11,66,* Joey Gase(i),Tyt,11,32.771,3/2/2019 14:54
12,66,* Joey Gase(i),Tyt,12,608.32,3/2/2019 15:04
13,66,* Joey Gase(i),Tyt,13,32.317,3/2/2019 15:05
14,66,* Joey Gase(i),Tyt,14,32.351,3/2/2019 15:05
15,66,* Joey Gase(i),Tyt,15,32.459,3/2/2019 15:06
16,66,* Joey Gase(i),Tyt,16,323.604,3/2/2019 15:11
17,66,* Joey Gase(i),Tyt,17,32.437,3/2/2019 15:12
18,66,* Joey Gase(i),Tyt,17,32.437,3/2/2019 15:28
19,66,* Joey Gase(i),Tyt,17,32.437,3/2/2019 15:30
20,96,* Parker Kligerman(i),Tyt,1,31.343,3/2/2019 14:32
21,96,* Parker Kligerman(i),Tyt,2,30.876,3/2/2019 14:32
22,96,* Parker Kligerman(i),Tyt,4,31.274,3/2/2019 14:34
23,96,* Parker Kligerman(i),Tyt,5,31.108,3/2/2019 14:34
24,96,* Parker Kligerman(i),Tyt,6,31.419,3/2/2019 14:35
25,96,* Parker Kligerman(i),Tyt,7,31.02,3/2/2019 14:35
26,96,* Parker Kligerman(i),Tyt,8,30.92,3/2/2019 14:35
27,96,* Parker Kligerman(i),Tyt,9,30.972,3/2/2019 14:36
28,96,* Parker Kligerman(i),Tyt,10,31.466,3/2/2019 14:36
29,96,* Parker Kligerman(i),Tyt,11,914.609,3/2/2019 14:52
30,96,* Parker Kligerman(i),Tyt,12,31.998,3/2/2019 14:52
31,96,* Parker Kligerman(i),Tyt,13,31.235,3/2/2019 14:53
32,96,* Parker Kligerman(i),Tyt,14,31.522,3/2/2019 14:53
33,96,* Parker Kligerman(i),Tyt,15,31.527,3/2/2019 14:54
34,96,* Parker Kligerman(i),Tyt,16,31.487,3/2/2019 14:54
35,96,* Parker Kligerman(i),Tyt,17,31.724,3/2/2019 14:55
36,96,* Parker Kligerman(i),Tyt,18,31.73,3/2/2019 14:55
37,96,* Parker Kligerman(i),Tyt,19,712.167,3/2/2019 15:07
38,96,* Parker Kligerman(i),Tyt,20,31.639,3/2/2019 15:08
39,96,* Parker Kligerman(i),Tyt,21,31.377,3/2/2019 15:09
40,96,* Parker Kligerman(i),Tyt,22,31.626,3/2/2019 15:09
41,96,* Parker Kligerman(i),Tyt,23,31.329,3/2/2019 15:10
42,96,* Parker Kligerman(i),Tyt,24,31.246,3/2/2019 15:10
43,96,* Parker Kligerman(i),Tyt,25,31.324,3/2/2019 15:10
44,96,* Parker Kligerman(i),Tyt,26,31.451,3/2/2019 15:11
45,96,* Parker Kligerman(i),Tyt,27,32.969,3/2/2019 15:12
46,96,* Parker Kligerman(i),Tyt,28,31.874,3/2/2019 15:12
47,96,* Parker Kligerman(i),Tyt,29,31.791,3/2/2019 15:12
48,96,* Parker Kligerman(i),Tyt,30,31.673,3/2/2019 15:13
49,96,* Parker Kligerman(i),Tyt,31,31.789,3/2/2019 15:14
50,96,* Parker Kligerman(i),Tyt,32,31.545,3/2/2019 15:14
51,96,* Parker Kligerman(i),Tyt,33,430.875,3/2/2019 15:21
52,96,* Parker Kligerman(i),Tyt,34,32.008,3/2/2019 15:22
53,96,* Parker Kligerman(i),Tyt,35,32.071,3/2/2019 15:23
54,96,* Parker Kligerman(i),Tyt,36,32.691,3/2/2019 15:23
55,96,* Parker Kligerman(i),Tyt,37,203.74,3/2/2019 15:26
56,96,* Parker Kligerman(i),Tyt,38,32,3/2/2019 15:27
57,96,* Parker Kligerman(i),Tyt,38,32,3/2/2019 15:28
58,96,* Parker Kligerman(i),Tyt,38,32,3/2/2019 15:30
59,88,Alex Bowman,Chv,1,31.037,3/2/2019 14:32
60,88,Alex Bowman,Chv,2,30.907,3/2/2019 14:32
61,88,Alex Bowman,Chv,3,31.548,3/2/2019 14:32
62,88,Alex Bowman,Chv,5,30.81,3/2/2019 14:34
63,88,Alex Bowman,Chv,6,30.744,3/2/2019 14:34
64,88,Alex Bowman,Chv,7,595.361,3/2/2019 14:44
65,88,Alex Bowman,Chv,8,31.12,3/2/2019 14:44
66,88,Alex Bowman,Chv,9,374.965,3/2/2019 14:51
67,88,Alex Bowman,Chv,10,31.171,3/2/2019 14:51
68,88,Alex Bowman,Chv,11,31.098,3/2/2019 14:52
69,88,Alex Bowman,Chv,12,31.34,3/2/2019 14:52
70,88,Alex Bowman,Chv,13,30.939,3/2/2019 14:53
71,88,Alex Bowman,Chv,15,31.422,3/2/2019 14:59
72,88,Alex Bowman,Chv,16,31.426,3/2/2019 14:59
73,88,Alex Bowman,Chv,17,30.963,3/2/2019 15:00
74,88,Alex Bowman,Chv,18,30.844,3/2/2019 15:00
75,88,Alex Bowman,Chv,19,439.875,3/2/2019 15:08
76,88,Alex Bowman,Chv,21,30.884,3/2/2019 15:09
77,88,Alex Bowman,Chv,22,31.059,3/2/2019 15:09
78,88,Alex Bowman,Chv,23,459.655,3/2/2019 15:17
79,88,Alex Bowman,Chv,24,31.136,3/2/2019 15:17
80,88,Alex Bowman,Chv,25,30.875,3/2/2019 15:18
81,88,Alex Bowman,Chv,26,30.782,3/2/2019 15:18
82,88,Alex Bowman,Chv,27,30.639,3/2/2019 15:19
83,88,Alex Bowman,Chv,28,310.07,3/2/2019 15:24
84,88,Alex Bowman,Chv,29,31.256,3/2/2019 15:25
85,88,Alex Bowman,Chv,30,31.107,3/2/2019 15:25
86,88,Alex Bowman,Chv,31,31.255,3/2/2019 15:26
87,88,Alex Bowman,Chv,32,31.433,3/2/2019 15:26
88,88,Alex Bowman,Chv,33,31.313,3/2/2019 15:27
89,88,Alex Bowman,Chv,34,31.655,3/2/2019 15:27
90,88,Alex Bowman,Chv,35,31.417,3/2/2019 15:28
91,88,Alex Bowman,Chv,35,31.417,3/2/2019 15:28
92,88,Alex Bowman,Chv,35,31.417,3/2/2019 15:30
93,10,Aric Almirola,Frd,1,31.209,3/2/2019 14:30
94,10,Aric Almirola,Frd,2,30.85,3/2/2019 14:31
95,10,Aric Almirola,Frd,3,30.652,3/2/2019 14:31
96,10,Aric Almirola,Frd,4,30.621,3/2/2019 14:32
97,10,Aric Almirola,Frd,5,30.617,3/2/2019 14:32
98,10,Aric Almirola,Frd,6,30.544,3/2/2019 14:33
99,10,Aric Almirola,Frd,7,30.525,3/2/2019 14:34
100,10,Aric Almirola,Frd,8,30.779,3/2/2019 14:34
101,10,Aric Almirola,Frd,9,30.771,3/2/2019 14:34
102,10,Aric Almirola,Frd,10,30.773,3/2/2019 14:35
103,10,Aric Almirola,Frd,11,924.857,3/2/2019 14:50
104,10,Aric Almirola,Frd,12,31.452,3/2/2019 14:51
105,10,Aric Almirola,Frd,13,31.179,3/2/2019 14:51
106,10,Aric Almirola,Frd,14,31.35,3/2/2019 14:52
107,10,Aric Almirola,Frd,15,31.572,3/2/2019 14:52
108,10,Aric Almirola,Frd,16,31.56,3/2/2019 14:53
109,10,Aric Almirola,Frd,17,31.381,3/2/2019 14:53
110,10,Aric Almirola,Frd,18,592.434,3/2/2019 15:03
111,10,Aric Almirola,Frd,19,31.358,3/2/2019 15:04
112,10,Aric Almirola,Frd,20,30.96,3/2/2019 15:04
113,10,Aric Almirola,Frd,21,30.745,3/2/2019 15:05
114,10,Aric Almirola,Frd,22,30.813,3/2/2019 15:05
115,10,Aric Almirola,Frd,23,30.83,3/2/2019 15:06
116,10,Aric Almirola,Frd,24,31.337,3/2/2019 15:06
117,10,Aric Almirola,Frd,25,31.358,3/2/2019 15:07
118,10,Aric Almirola,Frd,26,31.756,3/2/2019 15:08
119,10,Aric Almirola,Frd,28,31.533,3/2/2019 15:09
120,10,Aric Almirola,Frd,29,31.278,3/2/2019 15:09
121,10,Aric Almirola,Frd,30,31.142,3/2/2019 15:10
122,10,Aric Almirola,Frd,31,31.297,3/2/2019 15:10
123,10,Aric Almirola,Frd,32,31.445,3/2/2019 15:10
124,10,Aric Almirola,Frd,33,31.235,3/2/2019 15:11
125,10,Aric Almirola,Frd,34,30.939,3/2/2019 15:12
126,10,Aric Almirola,Frd,35,30.786,3/2/2019 15:12
127,10,Aric Almirola,Frd,36,31.175,3/2/2019 15:12
128,10,Aric Almirola,Frd,38,30.979,3/2/2019 15:13
129,10,Aric Almirola,Frd,39,653.778,3/2/2019 15:25
130,10,Aric Almirola,Frd,40,30.98,3/2/2019 15:25
131,10,Aric Almirola,Frd,41,31.188,3/2/2019 15:26
132,10,Aric Almirola,Frd,42,31.026,3/2/2019 15:26
133,10,Aric Almirola,Frd,43,31.062,3/2/2019 15:26
134,10,Aric Almirola,Frd,44,31.264,3/2/2019 15:27
135,10,Aric Almirola,Frd,45,30.788,3/2/2019 15:28
136,10,Aric Almirola,Frd,46,30.752,3/2/2019 15:28
137,10,Aric Almirola,Frd,46,30.752,3/2/2019 15:30
138,3,Austin Dillon,Chv,1,30.764,3/2/2019 14:31
139,3,Austin Dillon,Chv,2,30.396,3/2/2019 14:31
140,3,Austin Dillon,Chv,3,30.455,3/2/2019 14:32
141,3,Austin Dillon,Chv,4,30.299,3/2/2019 14:32
142,3,Austin Dillon,Chv,6,30.836,3/2/2019 14:34
143,3,Austin Dillon,Chv,7,30.838,3/2/2019 14:34
144,3,Austin Dillon,Chv,8,31.026,3/2/2019 14:35
145,3,Austin Dillon,Chv,9,30.897,3/2/2019 14:35
146,3,Austin Dillon,Chv,10,30.919,3/2/2019 14:35
147,3,Austin Dillon,Chv,11,30.827,3/2/2019 14:36
148,3,Austin Dillon,Chv,12,30.824,3/2/2019 14:36
149,3,Austin Dillon,Chv,13,30.687,3/2/2019 14:37
150,3,Austin Dillon,Chv,14,30.848,3/2/2019 14:38
151,3,Austin Dillon,Chv,16,30.707,3/2/2019 14:38
152,3,Austin Dillon,Chv,17,30.703,3/2/2019 14:39
153,3,Austin Dillon,Chv,18,886.401,3/2/2019 14:54
154,3,Austin Dillon,Chv,19,30.838,3/2/2019 14:54
155,3,Austin Dillon,Chv,20,30.742,3/2/2019 14:55
156,3,Austin Dillon,Chv,21,30.827,3/2/2019 14:55
157,3,Austin Dillon,Chv,22,30.84,3/2/2019 14:56
158,3,Austin Dillon,Chv,23,30.717,3/2/2019 14:57
159,3,Austin Dillon,Chv,24,30.952,3/2/2019 14:57
160,3,Austin Dillon,Chv,25,31.053,3/2/2019 14:57
161,3,Austin Dillon,Chv,26,599.914,3/2/2019 15:08
162,3,Austin Dillon,Chv,28,30.857,3/2/2019 15:09
163,3,Austin Dillon,Chv,29,30.989,3/2/2019 15:09
164,3,Austin Dillon,Chv,30,30.975,3/2/2019 15:10
165,3,Austin Dillon,Chv,31,31.179,3/2/2019 15:10
166,3,Austin Dillon,Chv,32,31.253,3/2/2019 15:10
167,3,Austin Dillon,Chv,33,31.489,3/2/2019 15:11
168,3,Austin Dillon,Chv,34,34.816,3/2/2019 15:12
169,3,Austin Dillon,Chv,35,491.115,3/2/2019 15:20
170,3,Austin Dillon,Chv,36,30.895,3/2/2019 15:20
171,3,Austin Dillon,Chv,37,30.709,3/2/2019 15:21
172,3,Austin Dillon,Chv,38,31.209,3/2/2019 15:21
173,3,Austin Dillon,Chv,39,31.007,3/2/2019 15:22
174,3,Austin Dillon,Chv,40,31.143,3/2/2019 15:23
175,3,Austin Dillon,Chv,42,30.687,3/2/2019 15:23
176,3,Austin Dillon,Chv,43,31.091,3/2/2019 15:24
177,3,Austin Dillon,Chv,44,30.831,3/2/2019 15:25
178,3,Austin Dillon,Chv,45,30.851,3/2/2019 15:25
179,3,Austin Dillon,Chv,46,30.629,3/2/2019 15:26
180,3,Austin Dillon,Chv,47,30.675,3/2/2019 15:26
181,3,Austin Dillon,Chv,48,30.845,3/2/2019 15:26
182,3,Austin Dillon,Chv,49,31.149,3/2/2019 15:27
183,3,Austin Dillon,Chv,49,31.149,3/2/2019 15:28
184,3,Austin Dillon,Chv,49,31.149,3/2/2019 15:30
185,52,BJ McLeod(i),Frd,1,33.177,3/2/2019 14:38
186,52,BJ McLeod(i),Frd,2,32.446,3/2/2019 14:39
187,52,BJ McLeod(i),Frd,3,32.245,3/2/2019 14:39
188,52,BJ McLeod(i),Frd,4,32.408,3/2/2019 14:40
189,52,BJ McLeod(i),Frd,5,383.197,3/2/2019 14:46
190,52,BJ McLeod(i),Frd,6,33.065,3/2/2019 14:47
191,52,BJ McLeod(i),Frd,7,32.781,3/2/2019 14:47
192,52,BJ McLeod(i),Frd,7,32.781,3/2/2019 15:28
193,52,BJ McLeod(i),Frd,7,32.781,3/2/2019 15:30
194,2,Brad Keselowski,Frd,1,31.087,3/2/2019 14:30
195,2,Brad Keselowski,Frd,2,30.79,3/2/2019 14:31
196,2,Brad Keselowski,Frd,3,30.593,3/2/2019 14:31
197,2,Brad Keselowski,Frd,4,30.562,3/2/2019 14:32
198,2,Brad Keselowski,Frd,5,30.533,3/2/2019 14:32
199,2,Brad Keselowski,Frd,6,30.54,3/2/2019 14:33
200,2,Brad Keselowski,Frd,7,30.639,3/2/2019 14:34
201,2,Brad Keselowski,Frd,8,30.684,3/2/2019 14:34
202,2,Brad Keselowski,Frd,9,30.718,3/2/2019 14:34
203,2,Brad Keselowski,Frd,10,31.027,3/2/2019 14:35
204,2,Brad Keselowski,Frd,11,801.899,3/2/2019 14:48
205,2,Brad Keselowski,Frd,12,31.039,3/2/2019 14:49
206,2,Brad Keselowski,Frd,13,30.796,3/2/2019 14:49
207,2,Brad Keselowski,Frd,14,30.854,3/2/2019 14:50
208,2,Brad Keselowski,Frd,15,30.778,3/2/2019 14:50
209,2,Brad Keselowski,Frd,16,30.655,3/2/2019 14:51
210,2,Brad Keselowski,Frd,17,31.045,3/2/2019 14:51
211,2,Brad Keselowski,Frd,18,31.846,3/2/2019 14:52
212,2,Brad Keselowski,Frd,19,437.004,3/2/2019 14:59
213,2,Brad Keselowski,Frd,20,31.072,3/2/2019 14:59
214,2,Brad Keselowski,Frd,21,30.858,3/2/2019 15:00
215,2,Brad Keselowski,Frd,22,30.64,3/2/2019 15:01
216,2,Brad Keselowski,Frd,23,30.696,3/2/2019 15:01
217,2,Brad Keselowski,Frd,24,30.697,3/2/2019 15:02
218,2,Brad Keselowski,Frd,25,30.67,3/2/2019 15:02
219,2,Brad Keselowski,Frd,26,31.027,3/2/2019 15:03
220,2,Brad Keselowski,Frd,27,501.216,3/2/2019 15:11
221,2,Brad Keselowski,Frd,28,30.762,3/2/2019 15:12
222,2,Brad Keselowski,Frd,29,31.172,3/2/2019 15:12
223,2,Brad Keselowski,Frd,30,31.188,3/2/2019 15:12
224,2,Brad Keselowski,Frd,32,31.096,3/2/2019 15:13
225,2,Brad Keselowski,Frd,33,30.963,3/2/2019 15:14
226,2,Brad Keselowski,Frd,34,30.954,3/2/2019 15:15
227,2,Brad Keselowski,Frd,35,407.366,3/2/2019 15:21
228,2,Brad Keselowski,Frd,36,30.921,3/2/2019 15:22
229,2,Brad Keselowski,Frd,37,30.616,3/2/2019 15:23
230,2,Brad Keselowski,Frd,39,31.11,3/2/2019 15:23
231,2,Brad Keselowski,Frd,40,30.858,3/2/2019 15:24
232,2,Brad Keselowski,Frd,41,30.713,3/2/2019 15:25
233,2,Brad Keselowski,Frd,42,31.212,3/2/2019 15:25
234,2,Brad Keselowski,Frd,43,30.852,3/2/2019 15:26
235,2,Brad Keselowski,Frd,44,31.127,3/2/2019 15:26
236,2,Brad Keselowski,Frd,45,31.135,3/2/2019 15:26
237,2,Brad Keselowski,Frd,46,31.095,3/2/2019 15:27
238,2,Brad Keselowski,Frd,47,31.089,3/2/2019 15:28
239,2,Brad Keselowski,Frd,48,31.365,3/2/2019 15:28
240,2,Brad Keselowski,Frd,48,31.365,3/2/2019 15:30
241,43,Bubba Wallace,Chv,1,31.155,3/2/2019 14:30
242,43,Bubba Wallace,Chv,2,31.004,3/2/2019 14:31
243,43,Bubba Wallace,Chv,3,30.789,3/2/2019 14:32
244,43,Bubba Wallace,Chv,4,30.759,3/2/2019 14:32
245,43,Bubba Wallace,Chv,5,30.951,3/2/2019 14:32
246,43,Bubba Wallace,Chv,7,30.907,3/2/2019 14:34
247,43,Bubba Wallace,Chv,8,625.396,3/2/2019 14:44
248,43,Bubba Wallace,Chv,9,31.257,3/2/2019 14:44
249,43,Bubba Wallace,Chv,10,31.117,3/2/2019 14:45
250,43,Bubba Wallace,Chv,11,590.769,3/2/2019 14:55
251,43,Bubba Wallace,Chv,12,31.328,3/2/2019 14:55
252,43,Bubba Wallace,Chv,13,31.564,3/2/2019 14:56
253,43,Bubba Wallace,Chv,14,31.2,3/2/2019 14:57
254,43,Bubba Wallace,Chv,15,31.388,3/2/2019 14:57
255,43,Bubba Wallace,Chv,16,342.89,3/2/2019 15:03
256,43,Bubba Wallace,Chv,17,32.066,3/2/2019 15:03
257,43,Bubba Wallace,Chv,18,31.68,3/2/2019 15:04
258,43,Bubba Wallace,Chv,19,840.336,3/2/2019 15:18
259,43,Bubba Wallace,Chv,20,31.672,3/2/2019 15:18
260,43,Bubba Wallace,Chv,21,31.276,3/2/2019 15:19
261,43,Bubba Wallace,Chv,22,31.1,3/2/2019 15:19
262,43,Bubba Wallace,Chv,23,31.336,3/2/2019 15:20
263,43,Bubba Wallace,Chv,24,31.231,3/2/2019 15:20
264,43,Bubba Wallace,Chv,25,31.299,3/2/2019 15:21
265,43,Bubba Wallace,Chv,26,31.242,3/2/2019 15:21
266,43,Bubba Wallace,Chv,27,31.488,3/2/2019 15:22
267,43,Bubba Wallace,Chv,28,31.325,3/2/2019 15:23
268,43,Bubba Wallace,Chv,30,32.132,3/2/2019 15:23
269,43,Bubba Wallace,Chv,31,152.778,3/2/2019 15:26
270,43,Bubba Wallace,Chv,32,31.548,3/2/2019 15:26
271,43,Bubba Wallace,Chv,33,32.272,3/2/2019 15:27
272,43,Bubba Wallace,Chv,34,32.743,3/2/2019 15:28
273,43,Bubba Wallace,Chv,34,32.743,3/2/2019 15:28
274,43,Bubba Wallace,Chv,34,32.743,3/2/2019 15:30
275,9,Chase Elliott,Chv,1,31.762,3/2/2019 14:31
276,9,Chase Elliott,Chv,2,30.86,3/2/2019 14:31
277,9,Chase Elliott,Chv,3,570.14,3/2/2019 14:41
278,9,Chase Elliott,Chv,4,31.376,3/2/2019 14:41
279,9,Chase Elliott,Chv,5,31.068,3/2/2019 14:42
280,9,Chase Elliott,Chv,6,30.988,3/2/2019 14:42
281,9,Chase Elliott,Chv,8,31.056,3/2/2019 14:43
282,9,Chase Elliott,Chv,9,31.007,3/2/2019 14:44
283,9,Chase Elliott,Chv,10,31.022,3/2/2019 14:44
284,9,Chase Elliott,Chv,11,31.044,3/2/2019 14:45
285,9,Chase Elliott,Chv,12,31.023,3/2/2019 14:45
286,9,Chase Elliott,Chv,13,30.948,3/2/2019 14:46
287,9,Chase Elliott,Chv,14,686.207,3/2/2019 14:57
288,9,Chase Elliott,Chv,15,32.046,3/2/2019 14:59
289,9,Chase Elliott,Chv,16,315.046,3/2/2019 15:03
290,9,Chase Elliott,Chv,17,31.478,3/2/2019 15:04
291,9,Chase Elliott,Chv,18,31.136,3/2/2019 15:04
292,9,Chase Elliott,Chv,19,30.799,3/2/2019 15:05
293,9,Chase Elliott,Chv,20,31.196,3/2/2019 15:05
294,9,Chase Elliott,Chv,21,30.827,3/2/2019 15:06
295,9,Chase Elliott,Chv,22,31.543,3/2/2019 15:06
296,9,Chase Elliott,Chv,23,31.42,3/2/2019 15:07
297,9,Chase Elliott,Chv,24,32.365,3/2/2019 15:08
298,9,Chase Elliott,Chv,25,806.813,3/2/2019 15:21
299,9,Chase Elliott,Chv,26,32.188,3/2/2019 15:21
300,9,Chase Elliott,Chv,27,31.075,3/2/2019 15:22
301,9,Chase Elliott,Chv,28,31.123,3/2/2019 15:23
302,9,Chase Elliott,Chv,30,30.825,3/2/2019 15:23
303,9,Chase Elliott,Chv,31,30.656,3/2/2019 15:24
304,9,Chase Elliott,Chv,32,31.28,3/2/2019 15:25
305,9,Chase Elliott,Chv,33,31.034,3/2/2019 15:25
306,9,Chase Elliott,Chv,34,30.928,3/2/2019 15:26
307,9,Chase Elliott,Chv,35,30.905,3/2/2019 15:26
308,9,Chase Elliott,Chv,36,30.877,3/2/2019 15:26
309,9,Chase Elliott,Chv,37,30.928,3/2/2019 15:27
310,9,Chase Elliott,Chv,38,31.238,3/2/2019 15:28
311,9,Chase Elliott,Chv,39,30.941,3/2/2019 15:28
312,9,Chase Elliott,Chv,39,30.941,3/2/2019 15:30
313,37,Chris Buescher,Chv,1,31.545,3/2/2019 14:30
314,37,Chris Buescher,Chv,2,31.073,3/2/2019 14:31
315,37,Chris Buescher,Chv,3,30.806,3/2/2019 14:32
316,37,Chris Buescher,Chv,4,30.914,3/2/2019 14:32
317,37,Chris Buescher,Chv,5,30.795,3/2/2019 14:33
318,37,Chris Buescher,Chv,6,30.928,3/2/2019 14:34
319,37,Chris Buescher,Chv,7,30.737,3/2/2019 14:34
320,37,Chris Buescher,Chv,8,30.868,3/2/2019 14:34
321,37,Chris Buescher,Chv,9,31.134,3/2/2019 14:35
322,37,Chris Buescher,Chv,10,30.988,3/2/2019 14:35
323,37,Chris Buescher,Chv,11,525.176,3/2/2019 14:44
324,37,Chris Buescher,Chv,12,31.194,3/2/2019 14:44
325,37,Chris Buescher,Chv,13,31.069,3/2/2019 14:45
326,37,Chris Buescher,Chv,14,31.209,3/2/2019 14:45
327,37,Chris Buescher,Chv,15,31.072,3/2/2019 14:46
328,37,Chris Buescher,Chv,16,592.19,3/2/2019 14:56
329,37,Chris Buescher,Chv,17,31.873,3/2/2019 14:57
330,37,Chris Buescher,Chv,18,31.276,3/2/2019 14:57
331,37,Chris Buescher,Chv,19,31.08,3/2/2019 14:57
332,37,Chris Buescher,Chv,21,31.598,3/2/2019 14:59
333,37,Chris Buescher,Chv,22,403.705,3/2/2019 15:05
334,37,Chris Buescher,Chv,23,32.307,3/2/2019 15:06
335,37,Chris Buescher,Chv,24,31.215,3/2/2019 15:06
336,37,Chris Buescher,Chv,25,30.977,3/2/2019 15:07
337,37,Chris Buescher,Chv,26,30.795,3/2/2019 15:07
338,37,Chris Buescher,Chv,28,30.792,3/2/2019 15:09
339,37,Chris Buescher,Chv,29,31.795,3/2/2019 15:09
340,37,Chris Buescher,Chv,30,31.355,3/2/2019 15:10
341,37,Chris Buescher,Chv,31,30.991,3/2/2019 15:10
342,37,Chris Buescher,Chv,32,468.028,3/2/2019 15:18
343,37,Chris Buescher,Chv,33,30.975,3/2/2019 15:18
344,37,Chris Buescher,Chv,34,31.328,3/2/2019 15:19
345,37,Chris Buescher,Chv,35,31.199,3/2/2019 15:19
346,37,Chris Buescher,Chv,36,280.887,3/2/2019 15:24
347,37,Chris Buescher,Chv,37,31.525,3/2/2019 15:25
348,37,Chris Buescher,Chv,38,31.229,3/2/2019 15:25
349,37,Chris Buescher,Chv,39,31.128,3/2/2019 15:26
350,37,Chris Buescher,Chv,40,31.103,3/2/2019 15:26
351,37,Chris Buescher,Chv,41,31.372,3/2/2019 15:26
352,37,Chris Buescher,Chv,42,31.309,3/2/2019 15:27
353,37,Chris Buescher,Chv,43,31.326,3/2/2019 15:28
354,37,Chris Buescher,Chv,44,31.608,3/2/2019 15:28
355,37,Chris Buescher,Chv,44,31.608,3/2/2019 15:30
356,14,Clint Bowyer,Frd,1,31.228,3/2/2019 14:30
357,14,Clint Bowyer,Frd,2,596.675,3/2/2019 14:40
358,14,Clint Bowyer,Frd,3,33.031,3/2/2019 14:41
359,14,Clint Bowyer,Frd,4,375.125,3/2/2019 14:47
360,14,Clint Bowyer,Frd,5,31.973,3/2/2019 14:47
361,14,Clint Bowyer,Frd,6,904.506,3/2/2019 15:03
362,14,Clint Bowyer,Frd,7,31.305,3/2/2019 15:03
363,14,Clint Bowyer,Frd,8,31.483,3/2/2019 15:04
364,14,Clint Bowyer,Frd,9,31.282,3/2/2019 15:04
365,14,Clint Bowyer,Frd,10,30.837,3/2/2019 15:05
366,14,Clint Bowyer,Frd,11,30.945,3/2/2019 15:05
367,14,Clint Bowyer,Frd,12,30.977,3/2/2019 15:06
368,14,Clint Bowyer,Frd,13,30.855,3/2/2019 15:06
369,14,Clint Bowyer,Frd,14,30.799,3/2/2019 15:07
370,14,Clint Bowyer,Frd,15,30.994,3/2/2019 15:07
371,14,Clint Bowyer,Frd,16,31.044,3/2/2019 15:08
372,14,Clint Bowyer,Frd,17,30.961,3/2/2019 15:09
373,14,Clint Bowyer,Frd,18,31.307,3/2/2019 15:09
374,14,Clint Bowyer,Frd,19,31.026,3/2/2019 15:10
375,14,Clint Bowyer,Frd,20,31.084,3/2/2019 15:10
376,14,Clint Bowyer,Frd,21,623.795,3/2/2019 15:20
377,14,Clint Bowyer,Frd,22,31.305,3/2/2019 15:21
378,14,Clint Bowyer,Frd,23,31.115,3/2/2019 15:21
379,14,Clint Bowyer,Frd,24,31.198,3/2/2019 15:22
380,14,Clint Bowyer,Frd,25,160.683,3/2/2019 15:25
381,14,Clint Bowyer,Frd,26,31.161,3/2/2019 15:25
382,14,Clint Bowyer,Frd,27,30.927,3/2/2019 15:26
383,14,Clint Bowyer,Frd,27,30.927,3/2/2019 15:28
384,14,Clint Bowyer,Frd,27,30.927,3/2/2019 15:30
385,51,Cody Ware #,Chv,1,31.914,3/2/2019 14:31
386,51,Cody Ware #,Chv,2,31.312,3/2/2019 14:32
387,51,Cody Ware #,Chv,3,31.209,3/2/2019 14:32
388,51,Cody Ware #,Chv,4,31.24,3/2/2019 14:33
389,51,Cody Ware #,Chv,5,31.227,3/2/2019 14:34
390,51,Cody Ware #,Chv,6,31.297,3/2/2019 14:34
391,51,Cody Ware #,Chv,7,31.344,3/2/2019 14:34
392,51,Cody Ware #,Chv,8,1267.648,3/2/2019 14:55
393,51,Cody Ware #,Chv,9,31.875,3/2/2019 14:56
394,51,Cody Ware #,Chv,10,32.146,3/2/2019 14:57
395,51,Cody Ware #,Chv,11,32.291,3/2/2019 14:57
396,51,Cody Ware #,Chv,12,31.605,3/2/2019 14:57
397,51,Cody Ware #,Chv,12,31.605,3/2/2019 15:28
398,51,Cody Ware #,Chv,12,31.605,3/2/2019 15:30
399,32,Corey LaJoie,Frd,1,31.241,3/2/2019 14:30
400,32,Corey LaJoie,Frd,2,30.984,3/2/2019 14:31
401,32,Corey LaJoie,Frd,3,30.797,3/2/2019 14:32
402,32,Corey LaJoie,Frd,4,30.787,3/2/2019 14:32
403,32,Corey LaJoie,Frd,5,30.96,3/2/2019 14:33
404,32,Corey LaJoie,Frd,6,30.935,3/2/2019 14:34
405,32,Corey LaJoie,Frd,7,31.077,3/2/2019 14:34
406,32,Corey LaJoie,Frd,8,31.057,3/2/2019 14:34
407,32,Corey LaJoie,Frd,9,31.128,3/2/2019 14:35
408,32,Corey LaJoie,Frd,10,31.091,3/2/2019 14:35
409,32,Corey LaJoie,Frd,11,497.76,3/2/2019 14:43
410,32,Corey LaJoie,Frd,12,31.085,3/2/2019 14:44
411,32,Corey LaJoie,Frd,13,30.97,3/2/2019 14:44
412,32,Corey LaJoie,Frd,14,30.983,3/2/2019 14:45
413,32,Corey LaJoie,Frd,15,31.052,3/2/2019 14:45
414,32,Corey LaJoie,Frd,16,31.202,3/2/2019 14:46
415,32,Corey LaJoie,Frd,17,31.043,3/2/2019 14:47
416,32,Corey LaJoie,Frd,18,649.631,3/2/2019 14:57
417,32,Corey LaJoie,Frd,20,31.437,3/2/2019 14:59
418,32,Corey LaJoie,Frd,21,32.084,3/2/2019 14:59
419,32,Corey LaJoie,Frd,22,436.881,3/2/2019 15:06
420,32,Corey LaJoie,Frd,23,31.177,3/2/2019 15:07
421,32,Corey LaJoie,Frd,24,31.556,3/2/2019 15:08
422,32,Corey LaJoie,Frd,25,31.376,3/2/2019 15:09
423,32,Corey LaJoie,Frd,25,31.376,3/2/2019 15:28
424,32,Corey LaJoie,Frd,25,31.376,3/2/2019 15:30
425,8,Daniel Hemric #,Chv,1,31.003,3/2/2019 14:30
426,8,Daniel Hemric #,Chv,2,30.585,3/2/2019 14:31
427,8,Daniel Hemric #,Chv,3,30.534,3/2/2019 14:32
428,8,Daniel Hemric #,Chv,4,30.525,3/2/2019 14:32
429,8,Daniel Hemric #,Chv,5,30.519,3/2/2019 14:32
430,8,Daniel Hemric #,Chv,7,30.511,3/2/2019 14:34
431,8,Daniel Hemric #,Chv,8,30.669,3/2/2019 14:34
432,8,Daniel Hemric #,Chv,9,30.911,3/2/2019 14:35
433,8,Daniel Hemric #,Chv,10,30.844,3/2/2019 14:35
434,8,Daniel Hemric #,Chv,11,30.918,3/2/2019 14:35
435,8,Daniel Hemric #,Chv,12,31.133,3/2/2019 14:36
436,8,Daniel Hemric #,Chv,13,30.994,3/2/2019 14:36
437,8,Daniel Hemric #,Chv,14,30.882,3/2/2019 14:37
438,8,Daniel Hemric #,Chv,15,942.78,3/2/2019 14:53
439,8,Daniel Hemric #,Chv,16,32.338,3/2/2019 14:53
440,8,Daniel Hemric #,Chv,17,31.564,3/2/2019 14:54
441,8,Daniel Hemric #,Chv,18,31.599,3/2/2019 14:54
442,8,Daniel Hemric #,Chv,19,31.077,3/2/2019 14:55
443,8,Daniel Hemric #,Chv,20,31.114,3/2/2019 14:55
444,8,Daniel Hemric #,Chv,21,30.952,3/2/2019 14:56
445,8,Daniel Hemric #,Chv,22,30.939,3/2/2019 14:57
446,8,Daniel Hemric #,Chv,23,31.079,3/2/2019 14:57
447,8,Daniel Hemric #,Chv,24,31.17,3/2/2019 14:57
448,8,Daniel Hemric #,Chv,25,31.339,3/2/2019 14:59
449,8,Daniel Hemric #,Chv,26,529.623,3/2/2019 15:07
450,8,Daniel Hemric #,Chv,27,31.778,3/2/2019 15:07
451,8,Daniel Hemric #,Chv,29,31.74,3/2/2019 15:09
452,8,Daniel Hemric #,Chv,30,31.421,3/2/2019 15:09
453,8,Daniel Hemric #,Chv,31,31.153,3/2/2019 15:10
454,8,Daniel Hemric #,Chv,32,31.288,3/2/2019 15:10
455,8,Daniel Hemric #,Chv,33,31.086,3/2/2019 15:10
456,8,Daniel Hemric #,Chv,34,709.912,3/2/2019 15:22
457,8,Daniel Hemric #,Chv,36,31.388,3/2/2019 15:23
458,8,Daniel Hemric #,Chv,37,30.845,3/2/2019 15:24
459,8,Daniel Hemric #,Chv,38,30.865,3/2/2019 15:25
460,8,Daniel Hemric #,Chv,39,30.953,3/2/2019 15:25
461,8,Daniel Hemric #,Chv,40,30.959,3/2/2019 15:26
462,8,Daniel Hemric #,Chv,41,30.964,3/2/2019 15:26
463,8,Daniel Hemric #,Chv,42,31.03,3/2/2019 15:26
464,8,Daniel Hemric #,Chv,43,30.962,3/2/2019 15:27
465,8,Daniel Hemric #,Chv,44,30.864,3/2/2019 15:28
466,8,Daniel Hemric #,Chv,45,31.149,3/2/2019 15:28
467,8,Daniel Hemric #,Chv,46,32.162,3/2/2019 15:29
468,8,Daniel Hemric #,Chv,46,32.162,3/2/2019 15:30
469,41,Daniel Suarez,Frd,1,31.385,3/2/2019 14:32
470,41,Daniel Suarez,Frd,2,30.833,3/2/2019 14:32
471,41,Daniel Suarez,Frd,4,30.69,3/2/2019 14:34
472,41,Daniel Suarez,Frd,5,30.667,3/2/2019 14:34
473,41,Daniel Suarez,Frd,6,30.758,3/2/2019 14:35
474,41,Daniel Suarez,Frd,7,30.846,3/2/2019 14:35
475,41,Daniel Suarez,Frd,8,30.954,3/2/2019 14:35
476,41,Daniel Suarez,Frd,9,30.948,3/2/2019 14:36
477,41,Daniel Suarez,Frd,10,31.043,3/2/2019 14:36
478,41,Daniel Suarez,Frd,11,666.308,3/2/2019 14:48
479,41,Daniel Suarez,Frd,12,31.631,3/2/2019 14:48
480,41,Daniel Suarez,Frd,13,31.344,3/2/2019 14:49
481,41,Daniel Suarez,Frd,14,31.058,3/2/2019 14:49
482,41,Daniel Suarez,Frd,15,30.819,3/2/2019 14:50
483,41,Daniel Suarez,Frd,16,31.31,3/2/2019 14:50
484,41,Daniel Suarez,Frd,17,621.285,3/2/2019 15:00
485,41,Daniel Suarez,Frd,18,32.564,3/2/2019 15:01
486,41,Daniel Suarez,Frd,19,30.681,3/2/2019 15:02
487,41,Daniel Suarez,Frd,20,30.573,3/2/2019 15:02
488,41,Daniel Suarez,Frd,21,30.94,3/2/2019 15:03
489,41,Daniel Suarez,Frd,22,31.058,3/2/2019 15:03
490,41,Daniel Suarez,Frd,23,30.859,3/2/2019 15:04
491,41,Daniel Suarez,Frd,24,30.829,3/2/2019 15:04
492,41,Daniel Suarez,Frd,25,30.953,3/2/2019 15:05
493,41,Daniel Suarez,Frd,26,30.936,3/2/2019 15:05
494,41,Daniel Suarez,Frd,27,30.956,3/2/2019 15:06
495,41,Daniel Suarez,Frd,28,30.952,3/2/2019 15:06
496,41,Daniel Suarez,Frd,29,30.99,3/2/2019 15:07
497,41,Daniel Suarez,Frd,30,31.719,3/2/2019 15:07
498,41,Daniel Suarez,Frd,32,32.067,3/2/2019 15:09
499,41,Daniel Suarez,Frd,33,31.428,3/2/2019 15:09
500,41,Daniel Suarez,Frd,34,31.244,3/2/2019 15:10
501,41,Daniel Suarez,Frd,35,31.321,3/2/2019 15:10
502,41,Daniel Suarez,Frd,36,31.628,3/2/2019 15:10
503,41,Daniel Suarez,Frd,37,31.531,3/2/2019 15:11
504,41,Daniel Suarez,Frd,38,31.189,3/2/2019 15:12
505,41,Daniel Suarez,Frd,39,653.354,3/2/2019 15:23
506,41,Daniel Suarez,Frd,41,31.108,3/2/2019 15:23
507,41,Daniel Suarez,Frd,42,31.193,3/2/2019 15:24
508,41,Daniel Suarez,Frd,43,31.098,3/2/2019 15:25
509,41,Daniel Suarez,Frd,44,31.392,3/2/2019 15:25
510,41,Daniel Suarez,Frd,45,31.562,3/2/2019 15:26
511,41,Daniel Suarez,Frd,46,30.957,3/2/2019 15:26
512,41,Daniel Suarez,Frd,47,31.424,3/2/2019 15:26
513,41,Daniel Suarez,Frd,47,31.424,3/2/2019 15:28
514,41,Daniel Suarez,Frd,47,31.424,3/2/2019 15:30
515,38,David Ragan,Frd,1,31.144,3/2/2019 14:32
516,38,David Ragan,Frd,2,30.809,3/2/2019 14:32
517,38,David Ragan,Frd,4,32.404,3/2/2019 14:34
518,38,David Ragan,Frd,5,32.623,3/2/2019 14:34
519,38,David Ragan,Frd,6,30.973,3/2/2019 14:35
520,38,David Ragan,Frd,7,30.886,3/2/2019 14:35
521,38,David Ragan,Frd,8,30.826,3/2/2019 14:36
522,38,David Ragan,Frd,9,30.91,3/2/2019 14:36
523,38,David Ragan,Frd,10,30.924,3/2/2019 14:37
524,38,David Ragan,Frd,11,31.317,3/2/2019 14:37
525,38,David Ragan,Frd,12,31.102,3/2/2019 14:38
526,38,David Ragan,Frd,13,716.307,3/2/2019 14:50
527,38,David Ragan,Frd,14,31.312,3/2/2019 14:50
528,38,David Ragan,Frd,15,30.852,3/2/2019 14:51
529,38,David Ragan,Frd,16,31.088,3/2/2019 14:51
530,38,David Ragan,Frd,17,31.141,3/2/2019 14:52
531,38,David Ragan,Frd,18,31.285,3/2/2019 14:52
532,38,David Ragan,Frd,19,31.562,3/2/2019 14:53
533,38,David Ragan,Frd,20,31.498,3/2/2019 14:53
534,38,David Ragan,Frd,21,31.547,3/2/2019 14:54
535,38,David Ragan,Frd,22,965.48,3/2/2019 15:10
536,38,David Ragan,Frd,23,31.1,3/2/2019 15:10
537,38,David Ragan,Frd,24,30.848,3/2/2019 15:11
538,38,David Ragan,Frd,25,31.221,3/2/2019 15:12
539,38,David Ragan,Frd,26,31.032,3/2/2019 15:12
540,38,David Ragan,Frd,27,31.384,3/2/2019 15:12
541,38,David Ragan,Frd,29,31.213,3/2/2019 15:13
542,38,David Ragan,Frd,29,31.213,3/2/2019 15:28
543,38,David Ragan,Frd,29,31.213,3/2/2019 15:30
544,11,Denny Hamlin,Tyt,1,31.275,3/2/2019 14:30
545,11,Denny Hamlin,Tyt,2,31.066,3/2/2019 14:31
546,11,Denny Hamlin,Tyt,3,31.012,3/2/2019 14:31
547,11,Denny Hamlin,Tyt,4,30.934,3/2/2019 14:32
548,11,Denny Hamlin,Tyt,5,30.904,3/2/2019 14:32
549,11,Denny Hamlin,Tyt,6,31.143,3/2/2019 14:33
550,11,Denny Hamlin,Tyt,7,30.97,3/2/2019 14:34
551,11,Denny Hamlin,Tyt,8,31.674,3/2/2019 14:34
552,11,Denny Hamlin,Tyt,9,31.226,3/2/2019 14:35
553,11,Denny Hamlin,Tyt,10,30.996,3/2/2019 14:35
554,11,Denny Hamlin,Tyt,11,31.04,3/2/2019 14:35
555,11,Denny Hamlin,Tyt,12,30.816,3/2/2019 14:36
556,11,Denny Hamlin,Tyt,13,30.875,3/2/2019 14:36
557,11,Denny Hamlin,Tyt,14,1010.863,3/2/2019 14:53
558,11,Denny Hamlin,Tyt,15,31.447,3/2/2019 14:54
559,11,Denny Hamlin,Tyt,16,31.328,3/2/2019 14:54
560,11,Denny Hamlin,Tyt,17,31.273,3/2/2019 14:55
561,11,Denny Hamlin,Tyt,18,31.149,3/2/2019 14:55
562,11,Denny Hamlin,Tyt,19,620.908,3/2/2019 15:06
563,11,Denny Hamlin,Tyt,20,32.361,3/2/2019 15:06
564,11,Denny Hamlin,Tyt,21,30.891,3/2/2019 15:07
565,11,Denny Hamlin,Tyt,22,30.687,3/2/2019 15:07
566,11,Denny Hamlin,Tyt,23,30.898,3/2/2019 15:08
567,11,Denny Hamlin,Tyt,24,30.838,3/2/2019 15:09
568,11,Denny Hamlin,Tyt,25,31.11,3/2/2019 15:09
569,11,Denny Hamlin,Tyt,26,31.194,3/2/2019 15:10
570,11,Denny Hamlin,Tyt,27,31.103,3/2/2019 15:10
571,11,Denny Hamlin,Tyt,28,30.776,3/2/2019 15:10
572,11,Denny Hamlin,Tyt,29,30.818,3/2/2019 15:11
573,11,Denny Hamlin,Tyt,30,30.938,3/2/2019 15:12
574,11,Denny Hamlin,Tyt,31,30.971,3/2/2019 15:12
575,11,Denny Hamlin,Tyt,32,31.02,3/2/2019 15:12
576,11,Denny Hamlin,Tyt,33,31.258,3/2/2019 15:13
577,11,Denny Hamlin,Tyt,34,532.255,3/2/2019 15:22
578,11,Denny Hamlin,Tyt,35,31.295,3/2/2019 15:23
579,11,Denny Hamlin,Tyt,37,30.95,3/2/2019 15:23
580,11,Denny Hamlin,Tyt,38,30.966,3/2/2019 15:24
581,11,Denny Hamlin,Tyt,39,30.94,3/2/2019 15:25
582,11,Denny Hamlin,Tyt,40,31.364,3/2/2019 15:25
583,11,Denny Hamlin,Tyt,41,30.941,3/2/2019 15:26
584,11,Denny Hamlin,Tyt,42,30.878,3/2/2019 15:26
585,11,Denny Hamlin,Tyt,43,30.868,3/2/2019 15:26
586,11,Denny Hamlin,Tyt,44,30.902,3/2/2019 15:27
587,11,Denny Hamlin,Tyt,45,31.044,3/2/2019 15:28
588,11,Denny Hamlin,Tyt,46,30.835,3/2/2019 15:28
589,11,Denny Hamlin,Tyt,46,30.835,3/2/2019 15:30
590,20,Erik Jones,Tyt,1,31.206,3/2/2019 14:30
591,20,Erik Jones,Tyt,2,30.782,3/2/2019 14:31
592,20,Erik Jones,Tyt,3,30.617,3/2/2019 14:32
593,20,Erik Jones,Tyt,4,30.632,3/2/2019 14:32
594,20,Erik Jones,Tyt,5,30.756,3/2/2019 14:32
595,20,Erik Jones,Tyt,7,30.741,3/2/2019 14:34
596,20,Erik Jones,Tyt,8,30.654,3/2/2019 14:34
597,20,Erik Jones,Tyt,9,30.829,3/2/2019 14:35
598,20,Erik Jones,Tyt,10,30.828,3/2/2019 14:35
599,20,Erik Jones,Tyt,11,31.028,3/2/2019 14:35
600,20,Erik Jones,Tyt,12,30.788,3/2/2019 14:36
601,20,Erik Jones,Tyt,13,31.048,3/2/2019 14:36
602,20,Erik Jones,Tyt,14,790.138,3/2/2019 14:50
603,20,Erik Jones,Tyt,15,30.996,3/2/2019 14:50
604,20,Erik Jones,Tyt,16,30.787,3/2/2019 14:51
605,20,Erik Jones,Tyt,17,30.799,3/2/2019 14:51
606,20,Erik Jones,Tyt,18,31.103,3/2/2019 14:52
607,20,Erik Jones,Tyt,19,30.872,3/2/2019 14:52
608,20,Erik Jones,Tyt,20,30.912,3/2/2019 14:53
609,20,Erik Jones,Tyt,21,30.772,3/2/2019 14:53
610,20,Erik Jones,Tyt,22,30.962,3/2/2019 14:54
611,20,Erik Jones,Tyt,23,31.333,3/2/2019 14:54
612,20,Erik Jones,Tyt,24,30.807,3/2/2019 14:55
613,20,Erik Jones,Tyt,25,30.862,3/2/2019 14:55
614,20,Erik Jones,Tyt,26,845.322,3/2/2019 15:10
615,20,Erik Jones,Tyt,27,30.933,3/2/2019 15:10
616,20,Erik Jones,Tyt,28,30.729,3/2/2019 15:10
617,20,Erik Jones,Tyt,29,31.377,3/2/2019 15:11
618,20,Erik Jones,Tyt,30,30.989,3/2/2019 15:12
619,20,Erik Jones,Tyt,31,31.213,3/2/2019 15:12
620,20,Erik Jones,Tyt,32,30.843,3/2/2019 15:12
621,20,Erik Jones,Tyt,34,31.132,3/2/2019 15:13
622,20,Erik Jones,Tyt,35,31.239,3/2/2019 15:14
623,20,Erik Jones,Tyt,36,31.118,3/2/2019 15:14
624,20,Erik Jones,Tyt,37,31.247,3/2/2019 15:15
625,20,Erik Jones,Tyt,38,95.155,3/2/2019 15:17
626,20,Erik Jones,Tyt,39,341.847,3/2/2019 15:23
627,20,Erik Jones,Tyt,41,31.366,3/2/2019 15:23
628,20,Erik Jones,Tyt,42,31.288,3/2/2019 15:24
629,20,Erik Jones,Tyt,43,31.238,3/2/2019 15:25
630,20,Erik Jones,Tyt,44,31.153,3/2/2019 15:25
631,20,Erik Jones,Tyt,44,31.153,3/2/2019 15:28
632,20,Erik Jones,Tyt,44,31.153,3/2/2019 15:30
633,48,Jimmie Johnson,Chv,1,30.792,3/2/2019 14:32
634,48,Jimmie Johnson,Chv,2,30.763,3/2/2019 14:32
635,48,Jimmie Johnson,Chv,3,30.892,3/2/2019 14:32
636,48,Jimmie Johnson,Chv,5,30.859,3/2/2019 14:34
637,48,Jimmie Johnson,Chv,6,32.571,3/2/2019 14:34
638,48,Jimmie Johnson,Chv,7,33.941,3/2/2019 14:35
639,48,Jimmie Johnson,Chv,8,31.842,3/2/2019 14:35
640,48,Jimmie Johnson,Chv,9,30.756,3/2/2019 14:36
641,48,Jimmie Johnson,Chv,10,30.707,3/2/2019 14:36
642,48,Jimmie Johnson,Chv,12,31.425,3/2/2019 14:43
643,48,Jimmie Johnson,Chv,13,31.053,3/2/2019 14:44
644,48,Jimmie Johnson,Chv,14,30.835,3/2/2019 14:44
645,48,Jimmie Johnson,Chv,15,30.679,3/2/2019 14:45
646,48,Jimmie Johnson,Chv,16,30.811,3/2/2019 14:45
647,48,Jimmie Johnson,Chv,17,30.777,3/2/2019 14:46
648,48,Jimmie Johnson,Chv,18,341.904,3/2/2019 14:52
649,48,Jimmie Johnson,Chv,19,31.211,3/2/2019 14:52
650,48,Jimmie Johnson,Chv,20,31.153,3/2/2019 14:53
651,48,Jimmie Johnson,Chv,21,31.083,3/2/2019 14:53
652,48,Jimmie Johnson,Chv,22,31.222,3/2/2019 14:54
653,48,Jimmie Johnson,Chv,23,31.02,3/2/2019 14:54
654,48,Jimmie Johnson,Chv,24,30.834,3/2/2019 14:55
655,48,Jimmie Johnson,Chv,25,30.823,3/2/2019 14:55
656,48,Jimmie Johnson,Chv,26,31.233,3/2/2019 14:56
657,48,Jimmie Johnson,Chv,27,31.085,3/2/2019 14:57
658,48,Jimmie Johnson,Chv,28,30.985,3/2/2019 14:57
659,48,Jimmie Johnson,Chv,29,31.036,3/2/2019 14:57
660,48,Jimmie Johnson,Chv,31,31.143,3/2/2019 14:59
661,48,Jimmie Johnson,Chv,32,30.878,3/2/2019 14:59
662,48,Jimmie Johnson,Chv,33,498.071,3/2/2019 15:07
663,48,Jimmie Johnson,Chv,34,31.857,3/2/2019 15:08
664,48,Jimmie Johnson,Chv,35,31.346,3/2/2019 15:09
665,48,Jimmie Johnson,Chv,36,30.967,3/2/2019 15:09
666,48,Jimmie Johnson,Chv,37,30.993,3/2/2019 15:10
667,48,Jimmie Johnson,Chv,38,31.144,3/2/2019 15:10
668,48,Jimmie Johnson,Chv,39,30.968,3/2/2019 15:10
669,48,Jimmie Johnson,Chv,40,30.722,3/2/2019 15:11
670,48,Jimmie Johnson,Chv,41,30.881,3/2/2019 15:12
671,48,Jimmie Johnson,Chv,42,31.052,3/2/2019 15:12
672,48,Jimmie Johnson,Chv,43,31.009,3/2/2019 15:12
673,48,Jimmie Johnson,Chv,45,31.147,3/2/2019 15:13
674,48,Jimmie Johnson,Chv,46,406.968,3/2/2019 15:20
675,48,Jimmie Johnson,Chv,47,31.439,3/2/2019 15:21
676,48,Jimmie Johnson,Chv,48,31.008,3/2/2019 15:21
677,48,Jimmie Johnson,Chv,49,31.249,3/2/2019 15:22
678,48,Jimmie Johnson,Chv,50,31.104,3/2/2019 15:23
679,48,Jimmie Johnson,Chv,52,31.274,3/2/2019 15:23
680,48,Jimmie Johnson,Chv,53,31.137,3/2/2019 15:24
681,48,Jimmie Johnson,Chv,54,31.289,3/2/2019 15:25
682,48,Jimmie Johnson,Chv,55,31.097,3/2/2019 15:25
683,48,Jimmie Johnson,Chv,56,31.245,3/2/2019 15:26
684,48,Jimmie Johnson,Chv,57,31.03,3/2/2019 15:26
685,48,Jimmie Johnson,Chv,58,31.791,3/2/2019 15:26
686,48,Jimmie Johnson,Chv,59,31.728,3/2/2019 15:27
687,48,Jimmie Johnson,Chv,59,31.728,3/2/2019 15:28
688,48,Jimmie Johnson,Chv,59,31.728,3/2/2019 15:30
689,22,Joey Logano,Frd,1,31.463,3/2/2019 14:30
690,22,Joey Logano,Frd,2,31.104,3/2/2019 14:31
691,22,Joey Logano,Frd,3,30.991,3/2/2019 14:31
692,22,Joey Logano,Frd,4,30.982,3/2/2019 14:32
693,22,Joey Logano,Frd,5,31.038,3/2/2019 14:32
694,22,Joey Logano,Frd,6,30.978,3/2/2019 14:33
695,22,Joey Logano,Frd,7,30.882,3/2/2019 14:34
696,22,Joey Logano,Frd,8,30.904,3/2/2019 14:34
697,22,Joey Logano,Frd,9,31.01,3/2/2019 14:34
698,22,Joey Logano,Frd,10,31.088,3/2/2019 14:35
699,22,Joey Logano,Frd,12,31.306,3/2/2019 14:43
700,22,Joey Logano,Frd,13,31.12,3/2/2019 14:44
701,22,Joey Logano,Frd,14,30.714,3/2/2019 14:44
702,22,Joey Logano,Frd,15,30.83,3/2/2019 14:45
703,22,Joey Logano,Frd,16,30.705,3/2/2019 14:45
704,22,Joey Logano,Frd,17,30.778,3/2/2019 14:46
705,22,Joey Logano,Frd,18,681.322,3/2/2019 14:57
706,22,Joey Logano,Frd,20,32.702,3/2/2019 14:59
707,22,Joey Logano,Frd,21,32.999,3/2/2019 14:59
708,22,Joey Logano,Frd,22,32.074,3/2/2019 14:59
709,22,Joey Logano,Frd,23,30.952,3/2/2019 15:00
710,22,Joey Logano,Frd,24,30.852,3/2/2019 15:01
711,22,Joey Logano,Frd,25,30.684,3/2/2019 15:01
712,22,Joey Logano,Frd,26,30.667,3/2/2019 15:02
713,22,Joey Logano,Frd,27,30.685,3/2/2019 15:02
714,22,Joey Logano,Frd,28,500.877,3/2/2019 15:10
715,22,Joey Logano,Frd,29,31.048,3/2/2019 15:11
716,22,Joey Logano,Frd,30,30.822,3/2/2019 15:12
717,22,Joey Logano,Frd,31,30.755,3/2/2019 15:12
718,22,Joey Logano,Frd,32,30.851,3/2/2019 15:12
719,22,Joey Logano,Frd,34,31.001,3/2/2019 15:13
720,22,Joey Logano,Frd,35,30.797,3/2/2019 15:14
721,22,Joey Logano,Frd,36,31.083,3/2/2019 15:14
722,22,Joey Logano,Frd,37,30.82,3/2/2019 15:15
723,22,Joey Logano,Frd,38,31.071,3/2/2019 15:16
724,22,Joey Logano,Frd,39,30.895,3/2/2019 15:16
725,22,Joey Logano,Frd,40,533.14,3/2/2019 15:25
726,22,Joey Logano,Frd,41,31.157,3/2/2019 15:26
727,22,Joey Logano,Frd,42,30.864,3/2/2019 15:26
728,22,Joey Logano,Frd,43,30.778,3/2/2019 15:26
729,22,Joey Logano,Frd,44,31.245,3/2/2019 15:27
730,22,Joey Logano,Frd,45,31.407,3/2/2019 15:28
731,22,Joey Logano,Frd,46,30.91,3/2/2019 15:28
732,22,Joey Logano,Frd,47,31.028,3/2/2019 15:29
733,22,Joey Logano,Frd,47,31.028,3/2/2019 15:30
734,4,Kevin Harvick,Frd,1,31.051,3/2/2019 14:33
735,4,Kevin Harvick,Frd,2,31.576,3/2/2019 14:34
736,4,Kevin Harvick,Frd,3,676.974,3/2/2019 14:45
737,4,Kevin Harvick,Frd,4,31.595,3/2/2019 14:45
738,4,Kevin Harvick,Frd,5,31.474,3/2/2019 14:46
739,4,Kevin Harvick,Frd,6,30.999,3/2/2019 14:46
740,4,Kevin Harvick,Frd,7,30.917,3/2/2019 14:47
741,4,Kevin Harvick,Frd,8,989.075,3/2/2019 15:03
742,4,Kevin Harvick,Frd,9,32.557,3/2/2019 15:04
743,4,Kevin Harvick,Frd,10,653.274,3/2/2019 15:14
744,4,Kevin Harvick,Frd,11,31.292,3/2/2019 15:15
745,4,Kevin Harvick,Frd,12,31.189,3/2/2019 15:16
746,4,Kevin Harvick,Frd,13,31.045,3/2/2019 15:16
747,4,Kevin Harvick,Frd,14,30.914,3/2/2019 15:17
748,4,Kevin Harvick,Frd,15,30.869,3/2/2019 15:17
749,4,Kevin Harvick,Frd,16,31.081,3/2/2019 15:18
750,4,Kevin Harvick,Frd,17,30.855,3/2/2019 15:18
751,4,Kevin Harvick,Frd,18,30.927,3/2/2019 15:19
752,4,Kevin Harvick,Frd,19,30.832,3/2/2019 15:19
753,4,Kevin Harvick,Frd,20,30.918,3/2/2019 15:20
754,4,Kevin Harvick,Frd,21,31.185,3/2/2019 15:20
755,4,Kevin Harvick,Frd,22,31.042,3/2/2019 15:21
756,4,Kevin Harvick,Frd,23,31.186,3/2/2019 15:21
757,4,Kevin Harvick,Frd,24,30.912,3/2/2019 15:22
758,4,Kevin Harvick,Frd,25,30.913,3/2/2019 15:23
759,4,Kevin Harvick,Frd,27,30.899,3/2/2019 15:23
760,4,Kevin Harvick,Frd,28,30.929,3/2/2019 15:24
761,4,Kevin Harvick,Frd,29,30.932,3/2/2019 15:25
762,4,Kevin Harvick,Frd,30,30.905,3/2/2019 15:25
763,4,Kevin Harvick,Frd,31,30.838,3/2/2019 15:26
764,4,Kevin Harvick,Frd,32,30.904,3/2/2019 15:26
765,4,Kevin Harvick,Frd,33,31.359,3/2/2019 15:26
766,4,Kevin Harvick,Frd,34,30.88,3/2/2019 15:27
767,4,Kevin Harvick,Frd,35,30.837,3/2/2019 15:28
768,4,Kevin Harvick,Frd,35,30.837,3/2/2019 15:28
769,4,Kevin Harvick,Frd,35,30.837,3/2/2019 15:30
770,1,Kurt Busch,Chv,1,31.01,3/2/2019 14:32
771,1,Kurt Busch,Chv,2,30.752,3/2/2019 14:32
772,1,Kurt Busch,Chv,3,30.765,3/2/2019 14:32
773,1,Kurt Busch,Chv,4,30.704,3/2/2019 14:34
774,1,Kurt Busch,Chv,5,30.667,3/2/2019 14:34
775,1,Kurt Busch,Chv,6,30.572,3/2/2019 14:34
776,1,Kurt Busch,Chv,7,30.862,3/2/2019 14:35
777,1,Kurt Busch,Chv,8,30.79,3/2/2019 14:35
778,1,Kurt Busch,Chv,9,30.673,3/2/2019 14:36
779,1,Kurt Busch,Chv,10,30.8,3/2/2019 14:36
780,1,Kurt Busch,Chv,11,31.111,3/2/2019 14:37
781,1,Kurt Busch,Chv,12,30.952,3/2/2019 14:37
782,1,Kurt Busch,Chv,13,31.03,3/2/2019 14:38
783,1,Kurt Busch,Chv,14,31.061,3/2/2019 14:38
784,1,Kurt Busch,Chv,15,30.873,3/2/2019 14:39
785,1,Kurt Busch,Chv,16,30.902,3/2/2019 14:39
786,1,Kurt Busch,Chv,17,1024.868,3/2/2019 14:57
787,1,Kurt Busch,Chv,18,32.436,3/2/2019 14:57
788,1,Kurt Busch,Chv,19,33.316,3/2/2019 14:57
789,1,Kurt Busch,Chv,21,31.157,3/2/2019 14:59
790,1,Kurt Busch,Chv,22,31.097,3/2/2019 14:59
791,1,Kurt Busch,Chv,23,30.727,3/2/2019 14:59
792,1,Kurt Busch,Chv,24,31.113,3/2/2019 15:00
793,1,Kurt Busch,Chv,25,31.234,3/2/2019 15:00
794,1,Kurt Busch,Chv,26,30.963,3/2/2019 15:01
795,1,Kurt Busch,Chv,27,30.973,3/2/2019 15:01
796,1,Kurt Busch,Chv,28,30.948,3/2/2019 15:02
797,1,Kurt Busch,Chv,29,30.98,3/2/2019 15:03
798,1,Kurt Busch,Chv,30,30.886,3/2/2019 15:03
799,1,Kurt Busch,Chv,31,32.874,3/2/2019 15:04
800,1,Kurt Busch,Chv,32,32.308,3/2/2019 15:04
801,1,Kurt Busch,Chv,33,30.931,3/2/2019 15:05
802,1,Kurt Busch,Chv,34,30.74,3/2/2019 15:05
803,1,Kurt Busch,Chv,35,31.246,3/2/2019 15:06
804,1,Kurt Busch,Chv,36,31.282,3/2/2019 15:06
805,1,Kurt Busch,Chv,37,31.286,3/2/2019 15:07
806,1,Kurt Busch,Chv,38,31.407,3/2/2019 15:07
807,1,Kurt Busch,Chv,40,31.085,3/2/2019 15:09
808,1,Kurt Busch,Chv,41,31.414,3/2/2019 15:09
809,1,Kurt Busch,Chv,42,30.646,3/2/2019 15:10
810,1,Kurt Busch,Chv,43,31.263,3/2/2019 15:10
811,1,Kurt Busch,Chv,44,30.569,3/2/2019 15:10
812,1,Kurt Busch,Chv,45,31.383,3/2/2019 15:11
813,1,Kurt Busch,Chv,46,31.205,3/2/2019 15:12
814,1,Kurt Busch,Chv,47,31.323,3/2/2019 15:12
815,1,Kurt Busch,Chv,48,31.035,3/2/2019 15:12
816,1,Kurt Busch,Chv,50,31.189,3/2/2019 15:13
817,1,Kurt Busch,Chv,51,437.201,3/2/2019 15:21
818,1,Kurt Busch,Chv,52,32.019,3/2/2019 15:21
819,1,Kurt Busch,Chv,53,159.712,3/2/2019 15:24
820,1,Kurt Busch,Chv,53,159.712,3/2/2019 15:28
821,1,Kurt Busch,Chv,53,159.712,3/2/2019 15:30
822,18,Kyle Busch,Tyt,1,31.019,3/2/2019 14:31
823,18,Kyle Busch,Tyt,2,30.721,3/2/2019 14:31
824,18,Kyle Busch,Tyt,3,30.642,3/2/2019 14:32
825,18,Kyle Busch,Tyt,4,30.582,3/2/2019 14:32
826,18,Kyle Busch,Tyt,6,30.71,3/2/2019 14:34
827,18,Kyle Busch,Tyt,7,31.051,3/2/2019 14:34
828,18,Kyle Busch,Tyt,8,30.821,3/2/2019 14:35
829,18,Kyle Busch,Tyt,9,31.053,3/2/2019 14:35
830,18,Kyle Busch,Tyt,10,884.623,3/2/2019 14:50
831,18,Kyle Busch,Tyt,11,31.242,3/2/2019 14:50
832,18,Kyle Busch,Tyt,12,30.894,3/2/2019 14:51
833,18,Kyle Busch,Tyt,13,30.588,3/2/2019 14:51
834,18,Kyle Busch,Tyt,14,31.057,3/2/2019 14:52
835,18,Kyle Busch,Tyt,15,30.794,3/2/2019 14:52
836,18,Kyle Busch,Tyt,16,30.946,3/2/2019 14:53
837,18,Kyle Busch,Tyt,17,30.723,3/2/2019 14:53
838,18,Kyle Busch,Tyt,18,30.989,3/2/2019 14:54
839,18,Kyle Busch,Tyt,19,31.164,3/2/2019 14:54
840,18,Kyle Busch,Tyt,20,30.786,3/2/2019 14:55
841,18,Kyle Busch,Tyt,21,689.015,3/2/2019 15:06
842,18,Kyle Busch,Tyt,22,31.152,3/2/2019 15:07
843,18,Kyle Busch,Tyt,23,30.771,3/2/2019 15:07
844,18,Kyle Busch,Tyt,25,31.376,3/2/2019 15:09
845,18,Kyle Busch,Tyt,26,30.848,3/2/2019 15:09
846,18,Kyle Busch,Tyt,27,30.824,3/2/2019 15:10
847,18,Kyle Busch,Tyt,28,30.961,3/2/2019 15:10
848,18,Kyle Busch,Tyt,29,31.236,3/2/2019 15:10
849,18,Kyle Busch,Tyt,30,31.004,3/2/2019 15:11
850,18,Kyle Busch,Tyt,31,31.288,3/2/2019 15:12
851,18,Kyle Busch,Tyt,32,31.614,3/2/2019 15:12
852,18,Kyle Busch,Tyt,33,32.63,3/2/2019 15:12
853,18,Kyle Busch,Tyt,34,526.653,3/2/2019 15:21
854,18,Kyle Busch,Tyt,35,31.804,3/2/2019 15:22
855,18,Kyle Busch,Tyt,36,31.254,3/2/2019 15:23
856,18,Kyle Busch,Tyt,38,30.72,3/2/2019 15:23
857,18,Kyle Busch,Tyt,39,30.749,3/2/2019 15:24
858,18,Kyle Busch,Tyt,40,30.66,3/2/2019 15:25
859,18,Kyle Busch,Tyt,41,30.672,3/2/2019 15:25
860,18,Kyle Busch,Tyt,42,30.788,3/2/2019 15:26
861,18,Kyle Busch,Tyt,43,30.802,3/2/2019 15:26
862,18,Kyle Busch,Tyt,44,30.883,3/2/2019 15:26
863,18,Kyle Busch,Tyt,45,30.903,3/2/2019 15:27
864,18,Kyle Busch,Tyt,46,30.877,3/2/2019 15:28
865,18,Kyle Busch,Tyt,46,30.877,3/2/2019 15:28
866,18,Kyle Busch,Tyt,46,30.877,3/2/2019 15:30
867,42,Kyle Larson,Chv,1,31.425,3/2/2019 14:30
868,42,Kyle Larson,Chv,2,31.16,3/2/2019 14:31
869,42,Kyle Larson,Chv,3,31.035,3/2/2019 14:31
870,42,Kyle Larson,Chv,4,31.163,3/2/2019 14:32
871,42,Kyle Larson,Chv,5,30.949,3/2/2019 14:32
872,42,Kyle Larson,Chv,6,30.798,3/2/2019 14:33
873,42,Kyle Larson,Chv,7,670.414,3/2/2019 14:44
874,42,Kyle Larson,Chv,8,31.178,3/2/2019 14:44
875,42,Kyle Larson,Chv,9,31.02,3/2/2019 14:45
876,42,Kyle Larson,Chv,10,30.947,3/2/2019 14:45
877,42,Kyle Larson,Chv,11,31.175,3/2/2019 14:46
878,42,Kyle Larson,Chv,12,30.994,3/2/2019 14:46
879,42,Kyle Larson,Chv,13,31.068,3/2/2019 14:47
880,42,Kyle Larson,Chv,14,30.909,3/2/2019 14:47
881,42,Kyle Larson,Chv,15,30.762,3/2/2019 14:48
882,42,Kyle Larson,Chv,16,30.927,3/2/2019 14:49
883,42,Kyle Larson,Chv,17,30.871,3/2/2019 14:49
884,42,Kyle Larson,Chv,18,31.034,3/2/2019 14:50
885,42,Kyle Larson,Chv,19,31.131,3/2/2019 14:50
886,42,Kyle Larson,Chv,20,30.694,3/2/2019 14:51
887,42,Kyle Larson,Chv,21,30.68,3/2/2019 14:51
888,42,Kyle Larson,Chv,22,30.754,3/2/2019 14:52
889,42,Kyle Larson,Chv,23,30.791,3/2/2019 14:52
890,42,Kyle Larson,Chv,24,30.912,3/2/2019 14:53
891,42,Kyle Larson,Chv,25,31.65,3/2/2019 14:53
892,42,Kyle Larson,Chv,26,30.934,3/2/2019 14:54
893,42,Kyle Larson,Chv,27,31.101,3/2/2019 14:54
894,42,Kyle Larson,Chv,28,30.941,3/2/2019 14:55
895,42,Kyle Larson,Chv,29,30.933,3/2/2019 14:55
896,42,Kyle Larson,Chv,30,904.053,3/2/2019 15:10
897,42,Kyle Larson,Chv,31,33.312,3/2/2019 15:11
898,42,Kyle Larson,Chv,32,32.484,3/2/2019 15:12
899,42,Kyle Larson,Chv,33,31.125,3/2/2019 15:12
900,42,Kyle Larson,Chv,34,30.94,3/2/2019 15:12
901,42,Kyle Larson,Chv,35,31.076,3/2/2019 15:13
902,42,Kyle Larson,Chv,36,529.845,3/2/2019 15:22
903,42,Kyle Larson,Chv,37,31.162,3/2/2019 15:23
904,42,Kyle Larson,Chv,39,30.899,3/2/2019 15:23
905,42,Kyle Larson,Chv,40,30.851,3/2/2019 15:24
906,42,Kyle Larson,Chv,41,31.042,3/2/2019 15:25
907,42,Kyle Larson,Chv,42,31.471,3/2/2019 15:25
908,42,Kyle Larson,Chv,43,30.95,3/2/2019 15:26
909,42,Kyle Larson,Chv,44,31.234,3/2/2019 15:26
910,42,Kyle Larson,Chv,45,31.029,3/2/2019 15:26
911,42,Kyle Larson,Chv,45,31.029,3/2/2019 15:28
912,42,Kyle Larson,Chv,45,31.029,3/2/2019 15:30
913,0,Landon Cassill,Chv,1,31.664,3/2/2019 14:31
914,0,Landon Cassill,Chv,2,31.421,3/2/2019 14:31
915,0,Landon Cassill,Chv,3,31.868,3/2/2019 14:32
916,0,Landon Cassill,Chv,4,31.478,3/2/2019 14:32
917,0,Landon Cassill,Chv,5,31.383,3/2/2019 14:33
918,0,Landon Cassill,Chv,6,31.827,3/2/2019 14:34
919,0,Landon Cassill,Chv,7,32.218,3/2/2019 14:34
920,0,Landon Cassill,Chv,8,31.673,3/2/2019 14:35
921,0,Landon Cassill,Chv,9,31.469,3/2/2019 14:35
922,0,Landon Cassill,Chv,10,31.402,3/2/2019 14:35
923,0,Landon Cassill,Chv,11,788.844,3/2/2019 14:49
924,0,Landon Cassill,Chv,12,32.317,3/2/2019 14:49
925,0,Landon Cassill,Chv,13,31.878,3/2/2019 14:50
926,0,Landon Cassill,Chv,14,31.616,3/2/2019 14:50
927,0,Landon Cassill,Chv,15,31.383,3/2/2019 14:51
928,0,Landon Cassill,Chv,16,31.174,3/2/2019 14:51
929,0,Landon Cassill,Chv,17,31.422,3/2/2019 14:52
930,0,Landon Cassill,Chv,18,31.482,3/2/2019 14:52
931,0,Landon Cassill,Chv,19,31.432,3/2/2019 14:53
932,0,Landon Cassill,Chv,20,1022.899,3/2/2019 15:10
933,0,Landon Cassill,Chv,21,32.125,3/2/2019 15:10
934,0,Landon Cassill,Chv,22,31.949,3/2/2019 15:11
935,0,Landon Cassill,Chv,23,31.639,3/2/2019 15:12
936,0,Landon Cassill,Chv,24,31.957,3/2/2019 15:12
937,0,Landon Cassill,Chv,24,31.957,3/2/2019 15:28
938,0,Landon Cassill,Chv,24,31.957,3/2/2019 15:30
939,19,Martin Truex Jr.,Tyt,1,31.542,3/2/2019 14:30
940,19,Martin Truex Jr.,Tyt,2,31.15,3/2/2019 14:31
941,19,Martin Truex Jr.,Tyt,3,31.113,3/2/2019 14:32
942,19,Martin Truex Jr.,Tyt,4,31.033,3/2/2019 14:32
943,19,Martin Truex Jr.,Tyt,5,617.585,3/2/2019 14:42
944,19,Martin Truex Jr.,Tyt,7,31.051,3/2/2019 14:43
945,19,Martin Truex Jr.,Tyt,8,31.83,3/2/2019 14:44
946,19,Martin Truex Jr.,Tyt,9,30.913,3/2/2019 14:44
947,19,Martin Truex Jr.,Tyt,10,30.936,3/2/2019 14:45
948,19,Martin Truex Jr.,Tyt,11,30.951,3/2/2019 14:45
949,19,Martin Truex Jr.,Tyt,12,594.621,3/2/2019 14:55
950,19,Martin Truex Jr.,Tyt,13,31.402,3/2/2019 14:56
951,19,Martin Truex Jr.,Tyt,14,31.053,3/2/2019 14:57
952,19,Martin Truex Jr.,Tyt,15,31.203,3/2/2019 14:57
953,19,Martin Truex Jr.,Tyt,16,31.399,3/2/2019 14:57
954,19,Martin Truex Jr.,Tyt,18,31.218,3/2/2019 14:59
955,19,Martin Truex Jr.,Tyt,19,31.25,3/2/2019 14:59
956,19,Martin Truex Jr.,Tyt,20,746.135,3/2/2019 15:12
957,19,Martin Truex Jr.,Tyt,21,32.277,3/2/2019 15:12
958,19,Martin Truex Jr.,Tyt,22,31.525,3/2/2019 15:12
959,19,Martin Truex Jr.,Tyt,24,31.273,3/2/2019 15:13
960,19,Martin Truex Jr.,Tyt,25,31.445,3/2/2019 15:14
961,19,Martin Truex Jr.,Tyt,26,561.431,3/2/2019 15:23
962,19,Martin Truex Jr.,Tyt,27,31.072,3/2/2019 15:24
963,19,Martin Truex Jr.,Tyt,28,31.112,3/2/2019 15:25
964,19,Martin Truex Jr.,Tyt,29,31.016,3/2/2019 15:25
965,19,Martin Truex Jr.,Tyt,30,30.946,3/2/2019 15:26
966,19,Martin Truex Jr.,Tyt,31,30.865,3/2/2019 15:26
967,19,Martin Truex Jr.,Tyt,32,30.894,3/2/2019 15:26
968,19,Martin Truex Jr.,Tyt,33,31.024,3/2/2019 15:27
969,19,Martin Truex Jr.,Tyt,34,31.053,3/2/2019 15:28
970,19,Martin Truex Jr.,Tyt,34,31.053,3/2/2019 15:28
971,19,Martin Truex Jr.,Tyt,34,31.053,3/2/2019 15:30
972,95,Matt DiBenedetto,Tyt,1,31.227,3/2/2019 14:30
973,95,Matt DiBenedetto,Tyt,2,30.923,3/2/2019 14:31
974,95,Matt DiBenedetto,Tyt,3,30.952,3/2/2019 14:32
975,95,Matt DiBenedetto,Tyt,4,30.82,3/2/2019 14:32
976,95,Matt DiBenedetto,Tyt,5,30.947,3/2/2019 14:33
977,95,Matt DiBenedetto,Tyt,6,31.204,3/2/2019 14:34
978,95,Matt DiBenedetto,Tyt,7,31.148,3/2/2019 14:34
979,95,Matt DiBenedetto,Tyt,8,30.999,3/2/2019 14:34
980,95,Matt DiBenedetto,Tyt,9,31.022,3/2/2019 14:35
981,95,Matt DiBenedetto,Tyt,10,30.994,3/2/2019 14:35
982,95,Matt DiBenedetto,Tyt,11,31,3/2/2019 14:36
983,95,Matt DiBenedetto,Tyt,12,31.155,3/2/2019 14:36
984,95,Matt DiBenedetto,Tyt,13,743.488,3/2/2019 14:49
985,95,Matt DiBenedetto,Tyt,14,31.87,3/2/2019 14:49
986,95,Matt DiBenedetto,Tyt,15,30.986,3/2/2019 14:50
987,95,Matt DiBenedetto,Tyt,16,31.045,3/2/2019 14:50
988,95,Matt DiBenedetto,Tyt,17,31.046,3/2/2019 14:51
989,95,Matt DiBenedetto,Tyt,18,31.617,3/2/2019 14:51
990,95,Matt DiBenedetto,Tyt,19,31.476,3/2/2019 14:52
991,95,Matt DiBenedetto,Tyt,20,31.47,3/2/2019 14:52
992,95,Matt DiBenedetto,Tyt,21,31.076,3/2/2019 14:53
993,95,Matt DiBenedetto,Tyt,22,590.131,3/2/2019 15:03
994,95,Matt DiBenedetto,Tyt,23,31.407,3/2/2019 15:03
995,95,Matt DiBenedetto,Tyt,24,30.969,3/2/2019 15:04
996,95,Matt DiBenedetto,Tyt,25,32.75,3/2/2019 15:04
997,95,Matt DiBenedetto,Tyt,26,30.994,3/2/2019 15:05
998,95,Matt DiBenedetto,Tyt,27,30.847,3/2/2019 15:05
999,95,Matt DiBenedetto,Tyt,28,30.95,3/2/2019 15:06
1000,95,Matt DiBenedetto,Tyt,29,30.826,3/2/2019 15:06
1001,95,Matt DiBenedetto,Tyt,30,30.789,3/2/2019 15:07
1002,95,Matt DiBenedetto,Tyt,31,31.643,3/2/2019 15:07
1003,95,Matt DiBenedetto,Tyt,32,31.228,3/2/2019 15:08
1004,95,Matt DiBenedetto,Tyt,33,31.171,3/2/2019 15:09
1005,95,Matt DiBenedetto,Tyt,34,31.035,3/2/2019 15:09
1006,95,Matt DiBenedetto,Tyt,35,31.278,3/2/2019 15:10
1007,95,Matt DiBenedetto,Tyt,36,31.4,3/2/2019 15:10
1008,95,Matt DiBenedetto,Tyt,37,31.317,3/2/2019 15:10
1009,95,Matt DiBenedetto,Tyt,38,31.557,3/2/2019 15:11
1010,95,Matt DiBenedetto,Tyt,39,590.864,3/2/2019 15:21
1011,95,Matt DiBenedetto,Tyt,40,32.256,3/2/2019 15:21
1012,95,Matt DiBenedetto,Tyt,41,31.483,3/2/2019 15:22
1013,95,Matt DiBenedetto,Tyt,42,31.124,3/2/2019 15:23
1014,95,Matt DiBenedetto,Tyt,44,31.561,3/2/2019 15:23
1015,95,Matt DiBenedetto,Tyt,45,31.538,3/2/2019 15:24
1016,95,Matt DiBenedetto,Tyt,46,36.409,3/2/2019 15:25
1017,95,Matt DiBenedetto,Tyt,46,36.409,3/2/2019 15:28
1018,95,Matt DiBenedetto,Tyt,46,36.409,3/2/2019 15:30
1019,36,Matt Tifft #,Frd,1,31.653,3/2/2019 14:30
1020,36,Matt Tifft #,Frd,2,31.088,3/2/2019 14:31
1021,36,Matt Tifft #,Frd,3,31.018,3/2/2019 14:32
1022,36,Matt Tifft #,Frd,4,30.953,3/2/2019 14:32
1023,36,Matt Tifft #,Frd,5,31.008,3/2/2019 14:33
1024,36,Matt Tifft #,Frd,6,30.909,3/2/2019 14:34
1025,36,Matt Tifft #,Frd,7,31.019,3/2/2019 14:34
1026,36,Matt Tifft #,Frd,8,30.991,3/2/2019 14:34
1027,36,Matt Tifft #,Frd,9,31.069,3/2/2019 14:35
1028,36,Matt Tifft #,Frd,10,804.359,3/2/2019 14:48
1029,36,Matt Tifft #,Frd,11,31.915,3/2/2019 14:49
1030,36,Matt Tifft #,Frd,12,31.645,3/2/2019 14:49
1031,36,Matt Tifft #,Frd,13,31.546,3/2/2019 14:50
1032,36,Matt Tifft #,Frd,14,464.803,3/2/2019 14:57
1033,36,Matt Tifft #,Frd,16,31.409,3/2/2019 14:59
1034,36,Matt Tifft #,Frd,17,32.122,3/2/2019 14:59
1035,36,Matt Tifft #,Frd,18,32.173,3/2/2019 14:59
1036,36,Matt Tifft #,Frd,19,31.526,3/2/2019 15:00
1037,36,Matt Tifft #,Frd,20,592.532,3/2/2019 15:10
1038,36,Matt Tifft #,Frd,21,32.544,3/2/2019 15:10
1039,36,Matt Tifft #,Frd,22,31.702,3/2/2019 15:11
1040,36,Matt Tifft #,Frd,23,31.993,3/2/2019 15:12
1041,36,Matt Tifft #,Frd,24,31.606,3/2/2019 15:12
1042,36,Matt Tifft #,Frd,24,31.606,3/2/2019 15:28
1043,36,Matt Tifft #,Frd,24,31.606,3/2/2019 15:30
1044,34,Michael McDowell,Frd,1,31.379,3/2/2019 14:30
1045,34,Michael McDowell,Frd,2,30.822,3/2/2019 14:31
1046,34,Michael McDowell,Frd,3,30.886,3/2/2019 14:32
1047,34,Michael McDowell,Frd,4,30.8,3/2/2019 14:32
1048,34,Michael McDowell,Frd,5,30.817,3/2/2019 14:32
1049,34,Michael McDowell,Frd,7,30.783,3/2/2019 14:34
1050,34,Michael McDowell,Frd,8,30.894,3/2/2019 14:34
1051,34,Michael McDowell,Frd,9,31.43,3/2/2019 14:35
1052,34,Michael McDowell,Frd,10,31.182,3/2/2019 14:35
1053,34,Michael McDowell,Frd,11,721.178,3/2/2019 14:47
1054,34,Michael McDowell,Frd,12,31.224,3/2/2019 14:47
1055,34,Michael McDowell,Frd,14,31.275,3/2/2019 14:48
1056,34,Michael McDowell,Frd,15,95.339,3/2/2019 14:50
1057,34,Michael McDowell,Frd,16,32.834,3/2/2019 14:51
1058,34,Michael McDowell,Frd,17,31.995,3/2/2019 14:51
1059,34,Michael McDowell,Frd,18,962.636,3/2/2019 15:07
1060,34,Michael McDowell,Frd,20,32.324,3/2/2019 15:09
1061,34,Michael McDowell,Frd,22,31.694,3/2/2019 15:23
1062,34,Michael McDowell,Frd,23,31.186,3/2/2019 15:24
1063,34,Michael McDowell,Frd,24,31.013,3/2/2019 15:25
1064,34,Michael McDowell,Frd,25,31.244,3/2/2019 15:25
1065,34,Michael McDowell,Frd,26,31.409,3/2/2019 15:26
1066,34,Michael McDowell,Frd,27,31.484,3/2/2019 15:26
1067,34,Michael McDowell,Frd,28,31.42,3/2/2019 15:26
1068,34,Michael McDowell,Frd,29,31.333,3/2/2019 15:27
1069,34,Michael McDowell,Frd,30,31.449,3/2/2019 15:28
1070,34,Michael McDowell,Frd,31,31.306,3/2/2019 15:28
1071,34,Michael McDowell,Frd,32,31.687,3/2/2019 15:29
1072,34,Michael McDowell,Frd,32,31.687,3/2/2019 15:30
1073,21,Paul Menard,Frd,1,31.23,3/2/2019 14:32
1074,21,Paul Menard,Frd,2,31.054,3/2/2019 14:32
1075,21,Paul Menard,Frd,3,30.924,3/2/2019 14:33
1076,21,Paul Menard,Frd,4,30.979,3/2/2019 14:34
1077,21,Paul Menard,Frd,6,31.434,3/2/2019 14:43
1078,21,Paul Menard,Frd,7,30.974,3/2/2019 14:44
1079,21,Paul Menard,Frd,8,463.934,3/2/2019 14:52
1080,21,Paul Menard,Frd,9,31.451,3/2/2019 14:52
1081,21,Paul Menard,Frd,10,31.062,3/2/2019 14:53
1082,21,Paul Menard,Frd,11,31.279,3/2/2019 14:53
1083,21,Paul Menard,Frd,12,30.915,3/2/2019 14:54
1084,21,Paul Menard,Frd,13,30.814,3/2/2019 14:54
1085,21,Paul Menard,Frd,14,563.571,3/2/2019 15:04
1086,21,Paul Menard,Frd,15,31.443,3/2/2019 15:04
1087,21,Paul Menard,Frd,16,30.952,3/2/2019 15:05
1088,21,Paul Menard,Frd,17,30.729,3/2/2019 15:05
1089,21,Paul Menard,Frd,18,624.056,3/2/2019 15:16
1090,21,Paul Menard,Frd,19,31.314,3/2/2019 15:16
1091,21,Paul Menard,Frd,20,32.126,3/2/2019 15:17
1092,21,Paul Menard,Frd,21,31.585,3/2/2019 15:17
1093,21,Paul Menard,Frd,22,30.97,3/2/2019 15:18
1094,21,Paul Menard,Frd,23,30.93,3/2/2019 15:18
1095,21,Paul Menard,Frd,24,404.387,3/2/2019 15:25
1096,21,Paul Menard,Frd,25,31.551,3/2/2019 15:26
1097,21,Paul Menard,Frd,26,31.972,3/2/2019 15:26
1098,21,Paul Menard,Frd,27,31.747,3/2/2019 15:27
1099,21,Paul Menard,Frd,27,31.747,3/2/2019 15:28
1100,21,Paul Menard,Frd,27,31.747,3/2/2019 15:30
1101,77,Reed Sorenson,Chv,1,32.347,3/2/2019 14:35
1102,77,Reed Sorenson,Chv,2,32.133,3/2/2019 14:36
1103,77,Reed Sorenson,Chv,3,31.935,3/2/2019 14:36
1104,77,Reed Sorenson,Chv,4,770.2,3/2/2019 14:49
1105,77,Reed Sorenson,Chv,5,31.918,3/2/2019 14:50
1106,77,Reed Sorenson,Chv,6,31.55,3/2/2019 14:50
1107,77,Reed Sorenson,Chv,7,31.904,3/2/2019 14:51
1108,77,Reed Sorenson,Chv,8,804.737,3/2/2019 15:04
1109,77,Reed Sorenson,Chv,9,31.921,3/2/2019 15:05
1110,77,Reed Sorenson,Chv,10,776.954,3/2/2019 15:18
1111,77,Reed Sorenson,Chv,11,31.851,3/2/2019 15:18
1112,77,Reed Sorenson,Chv,12,32.384,3/2/2019 15:19
1113,77,Reed Sorenson,Chv,13,32.127,3/2/2019 15:19
1114,77,Reed Sorenson,Chv,14,31.709,3/2/2019 15:20
1115,77,Reed Sorenson,Chv,15,31.635,3/2/2019 15:20
1116,77,Reed Sorenson,Chv,15,31.635,3/2/2019 15:28
1117,77,Reed Sorenson,Chv,15,31.635,3/2/2019 15:30
1118,17,Ricky Stenhouse Jr.,Frd,1,31.04,3/2/2019 14:32
1119,17,Ricky Stenhouse Jr.,Frd,2,30.669,3/2/2019 14:32
1120,17,Ricky Stenhouse Jr.,Frd,3,30.521,3/2/2019 14:32
1121,17,Ricky Stenhouse Jr.,Frd,5,30.747,3/2/2019 14:34
1122,17,Ricky Stenhouse Jr.,Frd,6,30.539,3/2/2019 14:34
1123,17,Ricky Stenhouse Jr.,Frd,7,31.855,3/2/2019 14:35
1124,17,Ricky Stenhouse Jr.,Frd,8,30.921,3/2/2019 14:35
1125,17,Ricky Stenhouse Jr.,Frd,9,30.525,3/2/2019 14:36
1126,17,Ricky Stenhouse Jr.,Frd,10,30.945,3/2/2019 14:36
1127,17,Ricky Stenhouse Jr.,Frd,11,31.193,3/2/2019 14:37
1128,17,Ricky Stenhouse Jr.,Frd,12,31.377,3/2/2019 14:37
1129,17,Ricky Stenhouse Jr.,Frd,13,30.957,3/2/2019 14:38
1130,17,Ricky Stenhouse Jr.,Frd,14,30.954,3/2/2019 14:38
1131,17,Ricky Stenhouse Jr.,Frd,15,30.823,3/2/2019 14:39
1132,17,Ricky Stenhouse Jr.,Frd,16,681.23,3/2/2019 14:50
1133,17,Ricky Stenhouse Jr.,Frd,17,31.248,3/2/2019 14:51
1134,17,Ricky Stenhouse Jr.,Frd,18,30.996,3/2/2019 14:51
1135,17,Ricky Stenhouse Jr.,Frd,19,30.863,3/2/2019 14:52
1136,17,Ricky Stenhouse Jr.,Frd,20,30.877,3/2/2019 14:52
1137,17,Ricky Stenhouse Jr.,Frd,21,30.889,3/2/2019 14:53
1138,17,Ricky Stenhouse Jr.,Frd,22,33.464,3/2/2019 14:53
1139,17,Ricky Stenhouse Jr.,Frd,23,31.062,3/2/2019 14:54
1140,17,Ricky Stenhouse Jr.,Frd,24,30.75,3/2/2019 14:54
1141,17,Ricky Stenhouse Jr.,Frd,25,30.879,3/2/2019 14:55
1142,17,Ricky Stenhouse Jr.,Frd,26,32.452,3/2/2019 14:55
1143,17,Ricky Stenhouse Jr.,Frd,27,30.696,3/2/2019 14:56
1144,17,Ricky Stenhouse Jr.,Frd,28,30.734,3/2/2019 14:57
1145,17,Ricky Stenhouse Jr.,Frd,29,31.007,3/2/2019 14:57
1146,17,Ricky Stenhouse Jr.,Frd,30,31.088,3/2/2019 14:57
1147,17,Ricky Stenhouse Jr.,Frd,32,30.998,3/2/2019 14:59
1148,17,Ricky Stenhouse Jr.,Frd,33,33.417,3/2/2019 14:59
1149,17,Ricky Stenhouse Jr.,Frd,34,690.526,3/2/2019 15:10
1150,17,Ricky Stenhouse Jr.,Frd,35,31.592,3/2/2019 15:11
1151,17,Ricky Stenhouse Jr.,Frd,36,30.8,3/2/2019 15:12
1152,17,Ricky Stenhouse Jr.,Frd,37,30.902,3/2/2019 15:12
1153,17,Ricky Stenhouse Jr.,Frd,38,30.741,3/2/2019 15:12
1154,17,Ricky Stenhouse Jr.,Frd,40,30.825,3/2/2019 15:13
1155,17,Ricky Stenhouse Jr.,Frd,41,30.906,3/2/2019 15:14
1156,17,Ricky Stenhouse Jr.,Frd,42,30.856,3/2/2019 15:15
1157,17,Ricky Stenhouse Jr.,Frd,43,30.799,3/2/2019 15:15
1158,17,Ricky Stenhouse Jr.,Frd,44,30.804,3/2/2019 15:16
1159,17,Ricky Stenhouse Jr.,Frd,45,30.83,3/2/2019 15:16
1160,17,Ricky Stenhouse Jr.,Frd,46,30.974,3/2/2019 15:17
1161,17,Ricky Stenhouse Jr.,Frd,47,30.877,3/2/2019 15:17
1162,17,Ricky Stenhouse Jr.,Frd,48,31.029,3/2/2019 15:18
1163,17,Ricky Stenhouse Jr.,Frd,49,30.8,3/2/2019 15:18
1164,17,Ricky Stenhouse Jr.,Frd,50,30.839,3/2/2019 15:19
1165,17,Ricky Stenhouse Jr.,Frd,51,31.013,3/2/2019 15:19
1166,17,Ricky Stenhouse Jr.,Frd,52,30.927,3/2/2019 15:20
1167,17,Ricky Stenhouse Jr.,Frd,53,31.164,3/2/2019 15:20
1168,17,Ricky Stenhouse Jr.,Frd,54,30.994,3/2/2019 15:21
1169,17,Ricky Stenhouse Jr.,Frd,55,31.108,3/2/2019 15:21
1170,17,Ricky Stenhouse Jr.,Frd,56,31.317,3/2/2019 15:22
1171,17,Ricky Stenhouse Jr.,Frd,57,31.224,3/2/2019 15:23
1172,17,Ricky Stenhouse Jr.,Frd,59,30.893,3/2/2019 15:23
1173,17,Ricky Stenhouse Jr.,Frd,60,227.384,3/2/2019 15:27
1174,17,Ricky Stenhouse Jr.,Frd,61,37.109,3/2/2019 15:28
1175,17,Ricky Stenhouse Jr.,Frd,61,37.109,3/2/2019 15:28
1176,17,Ricky Stenhouse Jr.,Frd,61,37.109,3/2/2019 15:30
1177,15,Ross Chastain(i),Chv,1,31.783,3/2/2019 14:36
1178,15,Ross Chastain(i),Chv,2,31.635,3/2/2019 14:37
1179,15,Ross Chastain(i),Chv,3,31.694,3/2/2019 14:37
1180,15,Ross Chastain(i),Chv,4,428.797,3/2/2019 14:44
1181,15,Ross Chastain(i),Chv,5,31.592,3/2/2019 14:45
1182,15,Ross Chastain(i),Chv,6,31.373,3/2/2019 14:45
1183,15,Ross Chastain(i),Chv,7,31.289,3/2/2019 14:46
1184,15,Ross Chastain(i),Chv,8,31.093,3/2/2019 14:46
1185,15,Ross Chastain(i),Chv,9,31.421,3/2/2019 14:47
1186,15,Ross Chastain(i),Chv,10,31.025,3/2/2019 14:48
1187,15,Ross Chastain(i),Chv,11,31.139,3/2/2019 14:48
1188,15,Ross Chastain(i),Chv,12,558.945,3/2/2019 14:57
1189,15,Ross Chastain(i),Chv,14,31.972,3/2/2019 14:59
1190,15,Ross Chastain(i),Chv,15,31.646,3/2/2019 14:59
1191,15,Ross Chastain(i),Chv,16,31.592,3/2/2019 14:59
1192,15,Ross Chastain(i),Chv,17,31.516,3/2/2019 15:00
1193,15,Ross Chastain(i),Chv,18,496.489,3/2/2019 15:09
1194,15,Ross Chastain(i),Chv,19,31.726,3/2/2019 15:09
1195,15,Ross Chastain(i),Chv,20,31.395,3/2/2019 15:10
1196,15,Ross Chastain(i),Chv,21,31.544,3/2/2019 15:10
1197,15,Ross Chastain(i),Chv,22,31.726,3/2/2019 15:10
1198,15,Ross Chastain(i),Chv,22,31.726,3/2/2019 15:28
1199,15,Ross Chastain(i),Chv,22,31.726,3/2/2019 15:30
1200,12,Ryan Blaney,Frd,1,31.177,3/2/2019 14:30
1201,12,Ryan Blaney,Frd,2,30.704,3/2/2019 14:31
1202,12,Ryan Blaney,Frd,3,30.755,3/2/2019 14:31
1203,12,Ryan Blaney,Frd,4,30.676,3/2/2019 14:32
1204,12,Ryan Blaney,Frd,5,30.751,3/2/2019 14:32
1205,12,Ryan Blaney,Frd,6,30.654,3/2/2019 14:33
1206,12,Ryan Blaney,Frd,7,31.093,3/2/2019 14:34
1207,12,Ryan Blaney,Frd,8,31.23,3/2/2019 14:34
1208,12,Ryan Blaney,Frd,9,30.896,3/2/2019 14:35
1209,12,Ryan Blaney,Frd,10,777.43,3/2/2019 14:47
1210,12,Ryan Blaney,Frd,11,31.132,3/2/2019 14:48
1211,12,Ryan Blaney,Frd,12,30.943,3/2/2019 14:48
1212,12,Ryan Blaney,Frd,13,30.911,3/2/2019 14:49
1213,12,Ryan Blaney,Frd,14,43.272,3/2/2019 14:50
1214,12,Ryan Blaney,Frd,15,36.084,3/2/2019 14:50
1215,12,Ryan Blaney,Frd,16,30.855,3/2/2019 14:51
1216,12,Ryan Blaney,Frd,17,31.277,3/2/2019 14:51
1217,12,Ryan Blaney,Frd,18,30.715,3/2/2019 14:52
1218,12,Ryan Blaney,Frd,19,30.722,3/2/2019 14:52
1219,12,Ryan Blaney,Frd,20,30.81,3/2/2019 14:53
1220,12,Ryan Blaney,Frd,21,30.625,3/2/2019 14:53
1221,12,Ryan Blaney,Frd,22,30.891,3/2/2019 14:54
1222,12,Ryan Blaney,Frd,23,31.057,3/2/2019 14:54
1223,12,Ryan Blaney,Frd,24,965.584,3/2/2019 15:10
1224,12,Ryan Blaney,Frd,25,33.344,3/2/2019 15:11
1225,12,Ryan Blaney,Frd,26,32.476,3/2/2019 15:12
1226,12,Ryan Blaney,Frd,27,30.977,3/2/2019 15:12
1227,12,Ryan Blaney,Frd,28,31.351,3/2/2019 15:12
1228,12,Ryan Blaney,Frd,30,30.688,3/2/2019 15:13
1229,12,Ryan Blaney,Frd,31,30.825,3/2/2019 15:14
1230,12,Ryan Blaney,Frd,32,31.11,3/2/2019 15:14
1231,12,Ryan Blaney,Frd,33,30.817,3/2/2019 15:15
1232,12,Ryan Blaney,Frd,34,30.908,3/2/2019 15:16
1233,12,Ryan Blaney,Frd,35,30.911,3/2/2019 15:16
1234,12,Ryan Blaney,Frd,37,31.121,3/2/2019 15:23
1235,12,Ryan Blaney,Frd,38,30.903,3/2/2019 15:24
1236,12,Ryan Blaney,Frd,39,30.97,3/2/2019 15:25
1237,12,Ryan Blaney,Frd,40,31.062,3/2/2019 15:25
1238,12,Ryan Blaney,Frd,41,31.413,3/2/2019 15:26
1239,12,Ryan Blaney,Frd,42,31.601,3/2/2019 15:26
1240,12,Ryan Blaney,Frd,43,31.483,3/2/2019 15:26
1241,12,Ryan Blaney,Frd,44,31.359,3/2/2019 15:27
1242,12,Ryan Blaney,Frd,44,31.359,3/2/2019 15:28
1243,12,Ryan Blaney,Frd,44,31.359,3/2/2019 15:30
1244,6,Ryan Newman,Frd,1,31.148,3/2/2019 14:30
1245,6,Ryan Newman,Frd,2,30.701,3/2/2019 14:31
1246,6,Ryan Newman,Frd,3,30.875,3/2/2019 14:32
1247,6,Ryan Newman,Frd,4,30.545,3/2/2019 14:32
1248,6,Ryan Newman,Frd,5,30.581,3/2/2019 14:32
1249,6,Ryan Newman,Frd,7,30.675,3/2/2019 14:34
1250,6,Ryan Newman,Frd,8,30.66,3/2/2019 14:34
1251,6,Ryan Newman,Frd,9,31.488,3/2/2019 14:35
1252,6,Ryan Newman,Frd,10,30.863,3/2/2019 14:35
1253,6,Ryan Newman,Frd,11,30.797,3/2/2019 14:36
1254,6,Ryan Newman,Frd,12,30.913,3/2/2019 14:36
1255,6,Ryan Newman,Frd,13,31.251,3/2/2019 14:37
1256,6,Ryan Newman,Frd,14,759.789,3/2/2019 14:50
1257,6,Ryan Newman,Frd,15,30.962,3/2/2019 14:50
1258,6,Ryan Newman,Frd,16,30.695,3/2/2019 14:50
1259,6,Ryan Newman,Frd,17,31.174,3/2/2019 14:51
1260,6,Ryan Newman,Frd,18,34.768,3/2/2019 14:51
1261,6,Ryan Newman,Frd,20,30.977,3/2/2019 15:09
1262,6,Ryan Newman,Frd,21,31.029,3/2/2019 15:09
1263,6,Ryan Newman,Frd,22,30.977,3/2/2019 15:10
1264,6,Ryan Newman,Frd,23,31.076,3/2/2019 15:10
1265,6,Ryan Newman,Frd,24,31.233,3/2/2019 15:10
1266,6,Ryan Newman,Frd,25,31.205,3/2/2019 15:11
1267,6,Ryan Newman,Frd,26,30.951,3/2/2019 15:12
1268,6,Ryan Newman,Frd,26,30.951,3/2/2019 15:28
1269,6,Ryan Newman,Frd,26,30.951,3/2/2019 15:30
1270,47,Ryan Preece #,Chv,1,31.364,3/2/2019 14:32
1271,47,Ryan Preece #,Chv,2,31.184,3/2/2019 14:32
1272,47,Ryan Preece #,Chv,3,31.565,3/2/2019 14:33
1273,47,Ryan Preece #,Chv,4,31.003,3/2/2019 14:34
1274,47,Ryan Preece #,Chv,5,30.903,3/2/2019 14:34
1275,47,Ryan Preece #,Chv,6,30.945,3/2/2019 14:34
1276,47,Ryan Preece #,Chv,7,30.904,3/2/2019 14:35
1277,47,Ryan Preece #,Chv,8,30.863,3/2/2019 14:35
1278,47,Ryan Preece #,Chv,9,30.988,3/2/2019 14:36
1279,47,Ryan Preece #,Chv,10,31.057,3/2/2019 14:36
1280,47,Ryan Preece #,Chv,11,435.275,3/2/2019 14:43
1281,47,Ryan Preece #,Chv,12,31.096,3/2/2019 14:44
1282,47,Ryan Preece #,Chv,13,31.013,3/2/2019 14:44
1283,47,Ryan Preece #,Chv,14,30.853,3/2/2019 14:45
1284,47,Ryan Preece #,Chv,15,30.93,3/2/2019 14:45
1285,47,Ryan Preece #,Chv,16,30.924,3/2/2019 14:46
1286,47,Ryan Preece #,Chv,17,588.321,3/2/2019 14:56
1287,47,Ryan Preece #,Chv,18,31.797,3/2/2019 14:57
1288,47,Ryan Preece #,Chv,19,31.442,3/2/2019 14:57
1289,47,Ryan Preece #,Chv,20,31.044,3/2/2019 14:57
1290,47,Ryan Preece #,Chv,22,31.458,3/2/2019 14:59
1291,47,Ryan Preece #,Chv,23,31.596,3/2/2019 14:59
1292,47,Ryan Preece #,Chv,24,31.311,3/2/2019 14:59
1293,47,Ryan Preece #,Chv,25,31.186,3/2/2019 15:00
1294,47,Ryan Preece #,Chv,26,31.159,3/2/2019 15:01
1295,47,Ryan Preece #,Chv,27,30.761,3/2/2019 15:01
1296,47,Ryan Preece #,Chv,28,31.161,3/2/2019 15:02
1297,47,Ryan Preece #,Chv,29,405.174,3/2/2019 15:09
1298,47,Ryan Preece #,Chv,30,31.118,3/2/2019 15:09
1299,47,Ryan Preece #,Chv,31,31.022,3/2/2019 15:10
1300,47,Ryan Preece #,Chv,32,31.824,3/2/2019 15:10
1301,47,Ryan Preece #,Chv,33,30.995,3/2/2019 15:10
1302,47,Ryan Preece #,Chv,34,31.136,3/2/2019 15:11
1303,47,Ryan Preece #,Chv,35,499.408,3/2/2019 15:19
1304,47,Ryan Preece #,Chv,36,31.455,3/2/2019 15:20
1305,47,Ryan Preece #,Chv,37,31.098,3/2/2019 15:20
1306,47,Ryan Preece #,Chv,38,31.019,3/2/2019 15:21
1307,47,Ryan Preece #,Chv,39,31.168,3/2/2019 15:21
1308,47,Ryan Preece #,Chv,40,31.101,3/2/2019 15:22
1309,47,Ryan Preece #,Chv,41,31.135,3/2/2019 15:23
1310,47,Ryan Preece #,Chv,43,31.438,3/2/2019 15:23
1311,47,Ryan Preece #,Chv,44,31.113,3/2/2019 15:24
1312,47,Ryan Preece #,Chv,45,30.839,3/2/2019 15:25
1313,47,Ryan Preece #,Chv,46,31.139,3/2/2019 15:25
1314,47,Ryan Preece #,Chv,47,31.24,3/2/2019 15:26
1315,47,Ryan Preece #,Chv,48,31.06,3/2/2019 15:26
1316,47,Ryan Preece #,Chv,49,31.205,3/2/2019 15:26
1317,47,Ryan Preece #,Chv,50,31.858,3/2/2019 15:27
1318,47,Ryan Preece #,Chv,50,31.858,3/2/2019 15:28
1319,47,Ryan Preece #,Chv,50,31.858,3/2/2019 15:30
1320,13,Ty Dillon,Chv,1,31.55,3/2/2019 14:30
1321,13,Ty Dillon,Chv,2,31.048,3/2/2019 14:31
1322,13,Ty Dillon,Chv,3,31.011,3/2/2019 14:32
1323,13,Ty Dillon,Chv,4,30.817,3/2/2019 14:32
1324,13,Ty Dillon,Chv,5,30.838,3/2/2019 14:33
1325,13,Ty Dillon,Chv,6,30.935,3/2/2019 14:34
1326,13,Ty Dillon,Chv,7,552.896,3/2/2019 14:42
1327,13,Ty Dillon,Chv,9,31.181,3/2/2019 14:43
1328,13,Ty Dillon,Chv,10,31.339,3/2/2019 14:44
1329,13,Ty Dillon,Chv,11,1374.726,3/2/2019 15:07
1330,13,Ty Dillon,Chv,12,31.475,3/2/2019 15:07
1331,13,Ty Dillon,Chv,14,32.394,3/2/2019 15:09
1332,13,Ty Dillon,Chv,15,621.772,3/2/2019 15:19
1333,13,Ty Dillon,Chv,16,31.499,3/2/2019 15:19
1334,13,Ty Dillon,Chv,17,31.33,3/2/2019 15:20
1335,13,Ty Dillon,Chv,18,31.323,3/2/2019 15:20
1336,13,Ty Dillon,Chv,19,31.767,3/2/2019 15:21
1337,13,Ty Dillon,Chv,20,91.167,3/2/2019 15:23
1338,13,Ty Dillon,Chv,22,32.035,3/2/2019 15:23
1339,13,Ty Dillon,Chv,23,32.35,3/2/2019 15:24
1340,13,Ty Dillon,Chv,24,31.627,3/2/2019 15:25
1341,13,Ty Dillon,Chv,24,31.627,3/2/2019 15:28
1342,13,Ty Dillon,Chv,24,31.627,3/2/2019 15:30
1343,24,William Byron,Chv,1,30.76,3/2/2019 14:33
1344,24,William Byron,Chv,2,30.698,3/2/2019 14:34
1345,24,William Byron,Chv,3,30.733,3/2/2019 14:34
1346,24,William Byron,Chv,4,30.688,3/2/2019 14:35
1347,24,William Byron,Chv,5,30.686,3/2/2019 14:35
1348,24,William Byron,Chv,6,34.231,3/2/2019 14:35
1349,24,William Byron,Chv,7,31.103,3/2/2019 14:36
1350,24,William Byron,Chv,8,30.835,3/2/2019 14:36
1351,24,William Byron,Chv,9,30.734,3/2/2019 14:37
1352,24,William Byron,Chv,10,853.724,3/2/2019 14:51
1353,24,William Byron,Chv,11,31.841,3/2/2019 14:52
1354,24,William Byron,Chv,12,31.503,3/2/2019 14:52
1355,24,William Byron,Chv,13,31.253,3/2/2019 14:53
1356,24,William Byron,Chv,14,31.204,3/2/2019 14:53
1357,24,William Byron,Chv,15,31.171,3/2/2019 14:54
1358,24,William Byron,Chv,16,31.159,3/2/2019 14:54
1359,24,William Byron,Chv,17,31.313,3/2/2019 14:55
1360,24,William Byron,Chv,18,30.937,3/2/2019 14:55
1361,24,William Byron,Chv,19,30.904,3/2/2019 14:56
1362,24,William Byron,Chv,20,31.028,3/2/2019 14:57
1363,24,William Byron,Chv,21,839.725,3/2/2019 15:10
1364,24,William Byron,Chv,22,32.62,3/2/2019 15:11
1365,24,William Byron,Chv,23,31.154,3/2/2019 15:12
1366,24,William Byron,Chv,24,30.885,3/2/2019 15:12
1367,24,William Byron,Chv,25,30.78,3/2/2019 15:12
1368,24,William Byron,Chv,27,30.907,3/2/2019 15:13
1369,24,William Byron,Chv,28,31.04,3/2/2019 15:14
1370,24,William Byron,Chv,29,30.95,3/2/2019 15:14
1371,24,William Byron,Chv,30,30.993,3/2/2019 15:15
1372,24,William Byron,Chv,31,30.993,3/2/2019 15:16
1373,24,William Byron,Chv,32,31.273,3/2/2019 15:16
1374,24,William Byron,Chv,33,31.379,3/2/2019 15:17
1375,24,William Byron,Chv,34,562.442,3/2/2019 15:26
1376,24,William Byron,Chv,35,31.06,3/2/2019 15:26
1377,24,William Byron,Chv,36,30.955,3/2/2019 15:27
1378,24,William Byron,Chv,37,30.777,3/2/2019 15:28
1379,24,William Byron,Chv,38,30.846,3/2/2019 15:28
1380,24,William Byron,Chv,38,30.846,3/2/2019 15:30
